url,pref,region,city
http://www.city.sapporo.jp/,北海道地方,道央（空知地域／石狩地域／後志地域／胆振地域／日高地域）,札幌市
http://www.city.sapporo.jp/chuo/,北海道地方,道央（空知地域／石狩地域／後志地域／胆振地域／日高地域）,札幌市中央区
http://www.city.sapporo.jp/kitaku/,北海道地方,道央（空知地域／石狩地域／後志地域／胆振地域／日高地域）,札幌市北区
http://www.city.sapporo.jp/higashi/,北海道地方,道央（空知地域／石狩地域／後志地域／胆振地域／日高地域）,札幌市東区
http://www.city.sapporo.jp/shiroishi/,北海道地方,道央（空知地域／石狩地域／後志地域／胆振地域／日高地域）,札幌市白石区
http://www.city.sapporo.jp/toyohira/,北海道地方,道央（空知地域／石狩地域／後志地域／胆振地域／日高地域）,札幌市豊平区
http://www.city.sapporo.jp/minami/,北海道地方,道央（空知地域／石狩地域／後志地域／胆振地域／日高地域）,札幌市南区
http://www.city.sapporo.jp/nishi/,北海道地方,道央（空知地域／石狩地域／後志地域／胆振地域／日高地域）,札幌市西区
http://www.city.sapporo.jp/atsubetsu/,北海道地方,道央（空知地域／石狩地域／後志地域／胆振地域／日高地域）,札幌市厚別区
http://www.city.sapporo.jp/teine/,北海道地方,道央（空知地域／石狩地域／後志地域／胆振地域／日高地域）,札幌市手稲区
http://www.city.sapporo.jp/kiyota/,北海道地方,道央（空知地域／石狩地域／後志地域／胆振地域／日高地域）,札幌市清田区
http://www.city.otaru.lg.jp/,北海道地方,道央（空知地域／石狩地域／後志地域／胆振地域／日高地域）,小樽市
http://www.city.muroran.lg.jp/,北海道地方,道央（空知地域／石狩地域／後志地域／胆振地域／日高地域）,室蘭市
http://www.city.yubari.lg.jp/,北海道地方,道央（空知地域／石狩地域／後志地域／胆振地域／日高地域）,夕張市
http://www.city.iwamizawa.hokkaido.jp/,北海道地方,道央（空知地域／石狩地域／後志地域／胆振地域／日高地域）,岩見沢市
http://www.city.tomakomai.hokkaido.jp/,北海道地方,道央（空知地域／石狩地域／後志地域／胆振地域／日高地域）,苫小牧市
http://www.city.bibai.hokkaido.jp/,北海道地方,道央（空知地域／石狩地域／後志地域／胆振地域／日高地域）,美唄市
http://www.city.ashibetsu.hokkaido.jp/,北海道地方,道央（空知地域／石狩地域／後志地域／胆振地域／日高地域）,芦別市
http://www.city.ebetsu.hokkaido.jp/,北海道地方,道央（空知地域／石狩地域／後志地域／胆振地域／日高地域）,江別市
http://www.city.akabira.hokkaido.jp/,北海道地方,道央（空知地域／石狩地域／後志地域／胆振地域／日高地域）,赤平市
http://www.city.mikasa.hokkaido.jp/,北海道地方,道央（空知地域／石狩地域／後志地域／胆振地域／日高地域）,三笠市
http://www.city.chitose.lg.jp/,北海道地方,道央（空知地域／石狩地域／後志地域／胆振地域／日高地域）,千歳市
http://www.city.takikawa.hokkaido.jp/,北海道地方,道央（空知地域／石狩地域／後志地域／胆振地域／日高地域）,滝川市
http://www.city.sunagawa.hokkaido.jp/,北海道地方,道央（空知地域／石狩地域／後志地域／胆振地域／日高地域）,砂川市
http://www.city.utashinai.hokkaido.jp/,北海道地方,道央（空知地域／石狩地域／後志地域／胆振地域／日高地域）,歌志内市
http://www.city.fukagawa.lg.jp/,北海道地方,道央（空知地域／石狩地域／後志地域／胆振地域／日高地域）,深川市
http://www.city.noboribetsu.lg.jp/,北海道地方,道央（空知地域／石狩地域／後志地域／胆振地域／日高地域）,登別市
http://www.city.eniwa.hokkaido.jp/,北海道地方,道央（空知地域／石狩地域／後志地域／胆振地域／日高地域）,恵庭市
http://www.city.date.hokkaido.jp/,北海道地方,道央（空知地域／石狩地域／後志地域／胆振地域／日高地域）,伊達市
http://www.city.kitahiroshima.hokkaido.jp/,北海道地方,道央（空知地域／石狩地域／後志地域／胆振地域／日高地域）,北広島市
http://www.city.ishikari.hokkaido.jp/,北海道地方,道央（空知地域／石狩地域／後志地域／胆振地域／日高地域）,石狩市
http://www.town.tobetsu.hokkaido.jp/,北海道地方,道央（空知地域／石狩地域／後志地域／胆振地域／日高地域）,当別町
http://www.vill.shinshinotsu.hokkaido.jp/,北海道地方,道央（空知地域／石狩地域／後志地域／胆振地域／日高地域）,新篠津村
http://www.vill.shimamaki.lg.jp/,北海道地方,道央（空知地域／石狩地域／後志地域／胆振地域／日高地域）,島牧村
http://www.town.suttu.lg.jp/,北海道地方,道央（空知地域／石狩地域／後志地域／胆振地域／日高地域）,寿都町
http://www.kuromatsunai.com/,北海道地方,道央（空知地域／石狩地域／後志地域／胆振地域／日高地域）,黒松内町
http://www.town.rankoshi.hokkaido.jp/,北海道地方,道央（空知地域／石狩地域／後志地域／胆振地域／日高地域）,蘭越町
http://www.town.niseko.lg.jp/,北海道地方,道央（空知地域／石狩地域／後志地域／胆振地域／日高地域）,ニセコ町
http://www.vill.makkari.lg.jp/,北海道地方,道央（空知地域／石狩地域／後志地域／胆振地域／日高地域）,真狩村
http://www.vill.rusutsu.lg.jp/,北海道地方,道央（空知地域／石狩地域／後志地域／胆振地域／日高地域）,留寿都村
http://www.town.kimobetsu.hokkaido.jp/,北海道地方,道央（空知地域／石狩地域／後志地域／胆振地域／日高地域）,喜茂別町
http://www.town-kyogoku.jp/,北海道地方,道央（空知地域／石狩地域／後志地域／胆振地域／日高地域）,京極町
http://www.town.kutchan.hokkaido.jp/,北海道地方,道央（空知地域／石狩地域／後志地域／胆振地域／日高地域）,倶知安町
http://www.town.kyowa.hokkaido.jp/,北海道地方,道央（空知地域／石狩地域／後志地域／胆振地域／日高地域）,共和町
http://www.town.iwanai.hokkaido.jp/,北海道地方,道央（空知地域／石狩地域／後志地域／胆振地域／日高地域）,岩内町
http://www.vill.tomari.hokkaido.jp/,北海道地方,道央（空知地域／石狩地域／後志地域／胆振地域／日高地域）,泊村
http://www.vill.kamoenai.hokkaido.jp/,北海道地方,道央（空知地域／石狩地域／後志地域／胆振地域／日高地域）,神恵内村
http://www.town.shakotan.hokkaido.jp/,北海道地方,道央（空知地域／石狩地域／後志地域／胆振地域／日高地域）,積丹町
http://www.town.furubira.lg.jp/,北海道地方,道央（空知地域／石狩地域／後志地域／胆振地域／日高地域）,古平町
http://www.town.niki.hokkaido.jp/,北海道地方,道央（空知地域／石狩地域／後志地域／胆振地域／日高地域）,仁木町
http://www.town.yoichi.hokkaido.jp/,北海道地方,道央（空知地域／石狩地域／後志地域／胆振地域／日高地域）,余市町
http://www.akaigawa.com/,北海道地方,道央（空知地域／石狩地域／後志地域／胆振地域／日高地域）,赤井川村
http://www.town.nanporo.hokkaido.jp/,北海道地方,道央（空知地域／石狩地域／後志地域／胆振地域／日高地域）,南幌町
http://www.town.naie.hokkaido.jp/,北海道地方,道央（空知地域／石狩地域／後志地域／胆振地域／日高地域）,奈井江町
http://town.kamisunagawa.hokkaido.jp/,北海道地方,道央（空知地域／石狩地域／後志地域／胆振地域／日高地域）,上砂川町
http://www.town.yuni.lg.jp/,北海道地方,道央（空知地域／石狩地域／後志地域／胆振地域／日高地域）,由仁町
http://www.maoi-net.jp/,北海道地方,道央（空知地域／石狩地域／後志地域／胆振地域／日高地域）,長沼町
http://www.town.kuriyama.hokkaido.jp/,北海道地方,道央（空知地域／石狩地域／後志地域／胆振地域／日高地域）,栗山町
http://www.town.tsukigata.hokkaido.jp/,北海道地方,道央（空知地域／石狩地域／後志地域／胆振地域／日高地域）,月形町
http://www.town.urausu.hokkaido.jp/,北海道地方,道央（空知地域／石狩地域／後志地域／胆振地域／日高地域）,浦臼町
http://www.town.shintotsukawa.lg.jp/,北海道地方,道央（空知地域／石狩地域／後志地域／胆振地域／日高地域）,新十津川町
http://www.town.moseushi.hokkaido.jp/,北海道地方,道央（空知地域／石狩地域／後志地域／胆振地域／日高地域）,妹背牛町
http://www.town.chippubetsu.hokkaido.jp/,北海道地方,道央（空知地域／石狩地域／後志地域／胆振地域／日高地域）,秩父別町
http://www.town.uryu.hokkaido.jp/,北海道地方,道央（空知地域／石狩地域／後志地域／胆振地域／日高地域）,雨竜町
http://www.town.hokuryu.hokkaido.jp/,北海道地方,道央（空知地域／石狩地域／後志地域／胆振地域／日高地域）,北竜町
http://www.town.numata.hokkaido.jp/,北海道地方,道央（空知地域／石狩地域／後志地域／胆振地域／日高地域）,沼田町
http://www.town.toyoura.hokkaido.jp/,北海道地方,道央（空知地域／石狩地域／後志地域／胆振地域／日高地域）,豊浦町
https://www.town.sobetsu.lg.jp/,北海道地方,道央（空知地域／石狩地域／後志地域／胆振地域／日高地域）,壮瞥町
http://www.town.shiraoi.hokkaido.jp/,北海道地方,道央（空知地域／石狩地域／後志地域／胆振地域／日高地域）,白老町
http://www.town.atsuma.lg.jp/,北海道地方,道央（空知地域／石狩地域／後志地域／胆振地域／日高地域）,厚真町
http://www.town.toyako.hokkaido.jp/,北海道地方,道央（空知地域／石狩地域／後志地域／胆振地域／日高地域）,洞爺湖町
http://www.town.abira.lg.jp/,北海道地方,道央（空知地域／石狩地域／後志地域／胆振地域／日高地域）,安平町
http://www.town.mukawa.lg.jp/,北海道地方,道央（空知地域／石狩地域／後志地域／胆振地域／日高地域）,むかわ町
http://www.town.hidaka.hokkaido.jp/,北海道地方,道央（空知地域／石狩地域／後志地域／胆振地域／日高地域）,日高町
http://www.town.biratori.hokkaido.jp/,北海道地方,道央（空知地域／石狩地域／後志地域／胆振地域／日高地域）,平取町
http://www.niikappu.jp/,北海道地方,道央（空知地域／石狩地域／後志地域／胆振地域／日高地域）,新冠町
http://www.town.urakawa.hokkaido.jp/,北海道地方,道央（空知地域／石狩地域／後志地域／胆振地域／日高地域）,浦河町
http://www.samani.jp/,北海道地方,道央（空知地域／石狩地域／後志地域／胆振地域／日高地域）,様似町
http://www.town.erimo.lg.jp/,北海道地方,道央（空知地域／石狩地域／後志地域／胆振地域／日高地域）,えりも町
http://www.shinhidaka-hokkaido.jp/,北海道地方,道央（空知地域／石狩地域／後志地域／胆振地域／日高地域）,新ひだか町
http://www.city.hakodate.hokkaido.jp/,北海道地方,道南（渡島地域／檜山地域）,函館市
http://www.city.hokuto.hokkaido.jp/,北海道地方,道南（渡島地域／檜山地域）,北斗市
http://www.town.matsumae.hokkaido.jp/,北海道地方,道南（渡島地域／檜山地域）,松前町
http://www.town.fukushima.hokkaido.jp/,北海道地方,道南（渡島地域／檜山地域）,福島町
http://www.town.shiriuchi.hokkaido.jp/,北海道地方,道南（渡島地域／檜山地域）,知内町
http://www.town.kikonai.hokkaido.jp/,北海道地方,道南（渡島地域／檜山地域）,木古内町
http://www.town.nanae.hokkaido.jp/,北海道地方,道南（渡島地域／檜山地域）,七飯町
http://www.town.shikabe.lg.jp/,北海道地方,道南（渡島地域／檜山地域）,鹿部町
http://www.town.hokkaido-mori.lg.jp/,北海道地方,道南（渡島地域／檜山地域）,森町
http://www.town.yakumo.lg.jp/,北海道地方,道南（渡島地域／檜山地域）,八雲町
http://www.town.oshamambe.lg.jp/,北海道地方,道南（渡島地域／檜山地域）,長万部町
http://www.hokkaido-esashi.jp/,北海道地方,道南（渡島地域／檜山地域）,江差町
http://www.town.kaminokuni.lg.jp/,北海道地方,道南（渡島地域／檜山地域）,上ノ国町
https://www.town.assabu.lg.jp/index.php,北海道地方,道南（渡島地域／檜山地域）,厚沢部町
http://www.town.otobe.lg.jp/,北海道地方,道南（渡島地域／檜山地域）,乙部町
http://www.town.okushiri.lg.jp/,北海道地方,道南（渡島地域／檜山地域）,奥尻町
http://www.town.imakane.lg.jp/,北海道地方,道南（渡島地域／檜山地域）,今金町
http://www.town.setana.lg.jp/,北海道地方,道南（渡島地域／檜山地域）,せたな町
http://www.city.asahikawa.hokkaido.jp/,北海道地方,道北（上川地域／留萌地域／宗谷地域）,旭川市
http://www.e-rumoi.jp/,北海道地方,道北（上川地域／留萌地域／宗谷地域）,留萌市
http://www.city.wakkanai.hokkaido.jp/,北海道地方,道北（上川地域／留萌地域／宗谷地域）,稚内市
http://www.city.shibetsu.lg.jp/,北海道地方,道北（上川地域／留萌地域／宗谷地域）,士別市
http://www.city.nayoro.lg.jp/,北海道地方,道北（上川地域／留萌地域／宗谷地域）,名寄市
http://www.city.furano.hokkaido.jp/,北海道地方,道北（上川地域／留萌地域／宗谷地域）,富良野市
http://www.town.takasu.hokkaido.jp/,北海道地方,道北（上川地域／留萌地域／宗谷地域）,鷹栖町
https://www.town.higashikagura.lg.jp/,北海道地方,道北（上川地域／留萌地域／宗谷地域）,東神楽町
http://town.tohma.hokkaido.jp/,北海道地方,道北（上川地域／留萌地域／宗谷地域）,当麻町
http://www.town.pippu.hokkaido.jp/,北海道地方,道北（上川地域／留萌地域／宗谷地域）,比布町
http://www.town.aibetsu.hokkaido.jp/,北海道地方,道北（上川地域／留萌地域／宗谷地域）,愛別町
http://www.town.hokkaido-kamikawa.lg.jp/,北海道地方,道北（上川地域／留萌地域／宗谷地域）,上川町
http://town.higashikawa.hokkaido.jp/,北海道地方,道北（上川地域／留萌地域／宗谷地域）,東川町
http://town.biei.hokkaido.jp/,北海道地方,道北（上川地域／留萌地域／宗谷地域）,美瑛町
http://www.town.kamifurano.hokkaido.jp/,北海道地方,道北（上川地域／留萌地域／宗谷地域）,上富良野町
http://www.town.nakafurano.lg.jp/,北海道地方,道北（上川地域／留萌地域／宗谷地域）,中富良野町
https://www.town.minamifurano.hokkaido.jp/,北海道地方,道北（上川地域／留萌地域／宗谷地域）,南富良野町
http://www.vill.shimukappu.lg.jp/,北海道地方,道北（上川地域／留萌地域／宗谷地域）,占冠村
http://www.town.wassamu.hokkaido.jp/,北海道地方,道北（上川地域／留萌地域／宗谷地域）,和寒町
http://www.town.kembuchi.hokkaido.jp/,北海道地方,道北（上川地域／留萌地域／宗谷地域）,剣淵町
http://www.town.shimokawa.hokkaido.jp/,北海道地方,道北（上川地域／留萌地域／宗谷地域）,下川町
http://www.town.bifuka.hokkaido.jp/,北海道地方,道北（上川地域／留萌地域／宗谷地域）,美深町
http://www.vill.otoineppu.hokkaido.jp/,北海道地方,道北（上川地域／留萌地域／宗谷地域）,音威子府村
http://www.town.nakagawa.hokkaido.jp/,北海道地方,道北（上川地域／留萌地域／宗谷地域）,中川町
http://www.town.horokanai.hokkaido.jp/,北海道地方,道北（上川地域／留萌地域／宗谷地域）,幌加内町
http://www.town.mashike.hokkaido.jp/,北海道地方,道北（上川地域／留萌地域／宗谷地域）,増毛町
http://www.town.obira.hokkaido.jp/,北海道地方,道北（上川地域／留萌地域／宗谷地域）,小平町
http://www.town.tomamae.lg.jp/,北海道地方,道北（上川地域／留萌地域／宗谷地域）,苫前町
http://www.town.haboro.lg.jp/,北海道地方,道北（上川地域／留萌地域／宗谷地域）,羽幌町
http://www.vill.shosanbetsu.lg.jp/,北海道地方,道北（上川地域／留萌地域／宗谷地域）,初山別村
http://www.town.embetsu.hokkaido.jp/,北海道地方,道北（上川地域／留萌地域／宗谷地域）,遠別町
http://www.teshiotown.hokkaido.jp/,北海道地方,道北（上川地域／留萌地域／宗谷地域）,天塩町
http://www.vill.sarufutsu.hokkaido.jp/,北海道地方,道北（上川地域／留萌地域／宗谷地域）,猿払村
http://www.town.hamatonbetsu.hokkaido.jp/,北海道地方,道北（上川地域／留萌地域／宗谷地域）,浜頓別町
http://www.town.nakatombetsu.hokkaido.jp/,北海道地方,道北（上川地域／留萌地域／宗谷地域）,中頓別町
http://www.esashi.jp/,北海道地方,道北（上川地域／留萌地域／宗谷地域）,枝幸町
http://www.town.toyotomi.hokkaido.jp/,北海道地方,道北（上川地域／留萌地域／宗谷地域）,豊富町
http://www.town.rebun.hokkaido.jp/,北海道地方,道北（上川地域／留萌地域／宗谷地域）,礼文町
http://www.town.rishiri.hokkaido.jp/rishiri/,北海道地方,道北（上川地域／留萌地域／宗谷地域）,利尻町
http://www.town.rishirifuji.hokkaido.jp/,北海道地方,道北（上川地域／留萌地域／宗谷地域）,利尻富士町
https://www.town.horonobe.lg.jp/,北海道地方,道北（上川地域／留萌地域／宗谷地域）,幌延町
http://www.city.kushiro.lg.jp/,北海道地方,道東（網走地域／十勝地域／釧路地域／根室地域）,釧路市
http://www.city.obihiro.hokkaido.jp/,北海道地方,道東（網走地域／十勝地域／釧路地域／根室地域）,帯広市
http://www.city.kitami.lg.jp/,北海道地方,道東（網走地域／十勝地域／釧路地域／根室地域）,北見市
http://www.city.abashiri.hokkaido.jp/,北海道地方,道東（網走地域／十勝地域／釧路地域／根室地域）,網走市
http://mombetsu.jp/,北海道地方,道東（網走地域／十勝地域／釧路地域／根室地域）,紋別市
http://www.city.nemuro.hokkaido.jp/,北海道地方,道東（網走地域／十勝地域／釧路地域／根室地域）,根室市
http://www.town.bihoro.hokkaido.jp/,北海道地方,道東（網走地域／十勝地域／釧路地域／根室地域）,美幌町
http://www.town.tsubetsu.hokkaido.jp/,北海道地方,道東（網走地域／十勝地域／釧路地域／根室地域）,津別町
http://www.town.shari.hokkaido.jp/,北海道地方,道東（網走地域／十勝地域／釧路地域／根室地域）,斜里町
http://www.town.kiyosato.hokkaido.jp/,北海道地方,道東（網走地域／十勝地域／釧路地域／根室地域）,清里町
http://www.town.koshimizu.hokkaido.jp/,北海道地方,道東（網走地域／十勝地域／釧路地域／根室地域）,小清水町
http://www.town.kunneppu.hokkaido.jp/,北海道地方,道東（網走地域／十勝地域／釧路地域／根室地域）,訓子府町
http://www.town.oketo.hokkaido.jp/,北海道地方,道東（網走地域／十勝地域／釧路地域／根室地域）,置戸町
http://www.town.saroma.hokkaido.jp/,北海道地方,道東（網走地域／十勝地域／釧路地域／根室地域）,佐呂間町
http://engaru.jp/,北海道地方,道東（網走地域／十勝地域／釧路地域／根室地域）,遠軽町
http://www.town.yubetsu.lg.jp/,北海道地方,道東（網走地域／十勝地域／釧路地域／根室地域）,湧別町
http://www.town.takinoue.hokkaido.jp/,北海道地方,道東（網走地域／十勝地域／釧路地域／根室地域）,滝上町
http://www.town.okoppe.lg.jp/,北海道地方,道東（網走地域／十勝地域／釧路地域／根室地域）,興部町
https://www.vill.nishiokoppe.lg.jp/,北海道地方,道東（網走地域／十勝地域／釧路地域／根室地域）,西興部村
http://www.town.oumu.hokkaido.jp/,北海道地方,道東（網走地域／十勝地域／釧路地域／根室地域）,雄武町
http://www.town.ozora.hokkaido.jp/,北海道地方,道東（網走地域／十勝地域／釧路地域／根室地域）,大空町
http://www.town.otofuke.hokkaido.jp/,北海道地方,道東（網走地域／十勝地域／釧路地域／根室地域）,音更町
http://www.shihoro.jp/,北海道地方,道東（網走地域／十勝地域／釧路地域／根室地域）,士幌町
http://www.kamishihoro.jp/,北海道地方,道東（網走地域／十勝地域／釧路地域／根室地域）,上士幌町
https://www.town.shikaoi.lg.jp/,北海道地方,道東（網走地域／十勝地域／釧路地域／根室地域）,鹿追町
http://www.shintoku-town.jp/,北海道地方,道東（網走地域／十勝地域／釧路地域／根室地域）,新得町
http://www.town.shimizu.hokkaido.jp/,北海道地方,道東（網走地域／十勝地域／釧路地域／根室地域）,清水町
http://www.memuro.net/,北海道地方,道東（網走地域／十勝地域／釧路地域／根室地域）,芽室町
http://www.vill.nakasatsunai.hokkaido.jp/,北海道地方,道東（網走地域／十勝地域／釧路地域／根室地域）,中札内村
http://www.sarabetsu.jp/,北海道地方,道東（網走地域／十勝地域／釧路地域／根室地域）,更別村
http://www.town.taiki.hokkaido.jp/,北海道地方,道東（網走地域／十勝地域／釧路地域／根室地域）,大樹町
https://www.town.hiroo.lg.jp/,北海道地方,道東（網走地域／十勝地域／釧路地域／根室地域）,広尾町
http://www.town.makubetsu.lg.jp/,北海道地方,道東（網走地域／十勝地域／釧路地域／根室地域）,幕別町
http://www.town.hokkaido-ikeda.lg.jp/,北海道地方,道東（網走地域／十勝地域／釧路地域／根室地域）,池田町
http://www.toyokoro.jp/,北海道地方,道東（網走地域／十勝地域／釧路地域／根室地域）,豊頃町
http://www.town.honbetsu.hokkaido.jp/,北海道地方,道東（網走地域／十勝地域／釧路地域／根室地域）,本別町
http://www.town.ashoro.hokkaido.jp/,北海道地方,道東（網走地域／十勝地域／釧路地域／根室地域）,足寄町
https://www.rikubetsu.jp/,北海道地方,道東（網走地域／十勝地域／釧路地域／根室地域）,陸別町
http://www.urahoro.jp/,北海道地方,道東（網走地域／十勝地域／釧路地域／根室地域）,浦幌町
http://www.town.kushiro.lg.jp/,北海道地方,道東（網走地域／十勝地域／釧路地域／根室地域）,釧路町
https://www.akkeshi-town.jp/,北海道地方,道東（網走地域／十勝地域／釧路地域／根室地域）,厚岸町
http://www.townhamanaka.jp/,北海道地方,道東（網走地域／十勝地域／釧路地域／根室地域）,浜中町
http://www.town.shibecha.hokkaido.jp/,北海道地方,道東（網走地域／十勝地域／釧路地域／根室地域）,標茶町
http://www.town.teshikaga.hokkaido.jp/,北海道地方,道東（網走地域／十勝地域／釧路地域／根室地域）,弟子屈町
http://www.vill.tsurui.lg.jp/,北海道地方,道東（網走地域／十勝地域／釧路地域／根室地域）,鶴居村
http://www.town.shiranuka.lg.jp/,北海道地方,道東（網走地域／十勝地域／釧路地域／根室地域）,白糠町
http://betsukai.jp/,北海道地方,道東（網走地域／十勝地域／釧路地域／根室地域）,別海町
http://www.nakashibetsu.jp/,北海道地方,道東（網走地域／十勝地域／釧路地域／根室地域）,中標津町
http://www.shibetsutown.jp/,北海道地方,道東（網走地域／十勝地域／釧路地域／根室地域）,標津町
http://www.rausu-town.jp/,北海道地方,道東（網走地域／十勝地域／釧路地域／根室地域）,羅臼町
http://www.city.aomori.aomori.jp/,東北地方,青森県,青森市
http://www.city.hirosaki.aomori.jp/,東北地方,青森県,弘前市
http://www.city.hachinohe.aomori.jp/,東北地方,青森県,八戸市
http://www.city.kuroishi.aomori.jp/,東北地方,青森県,黒石市
http://www.city.goshogawara.lg.jp/,東北地方,青森県,五所川原市
http://www.city.towada.lg.jp/,東北地方,青森県,十和田市
http://www.city.misawa.lg.jp/,東北地方,青森県,三沢市
http://www.city.mutsu.lg.jp/,東北地方,青森県,むつ市
http://www.city.tsugaru.aomori.jp/,東北地方,青森県,つがる市
http://www.city.hirakawa.lg.jp/,東北地方,青森県,平川市
http://www.town.hiranai.aomori.jp/,東北地方,青森県,平内町
http://www.town.imabetsu.lg.jp/,東北地方,青森県,今別町
http://www.vill.yomogita.lg.jp/,東北地方,青森県,蓬田村
http://www.town.sotogahama.lg.jp/,東北地方,青森県,外ヶ浜町
http://www.town.ajigasawa.lg.jp/,東北地方,青森県,鰺ヶ沢町
http://www.town.fukaura.lg.jp/,東北地方,青森県,深浦町
http://www.nishimeya.jp/,東北地方,青森県,西目屋村
http://www.town.fujisaki.lg.jp/,東北地方,青森県,藤崎町
http://www.town.owani.lg.jp/,東北地方,青森県,大鰐町
http://www.vill.inakadate.lg.jp/,東北地方,青森県,田舎館村
http://www.town.itayanagi.aomori.jp/,東北地方,青森県,板柳町
http://www.town.tsuruta.lg.jp/,東北地方,青森県,鶴田町
http://www.town.nakadomari.lg.jp/,東北地方,青森県,中泊町
http://www.town.noheji.aomori.jp/,東北地方,青森県,野辺地町
http://www.town.shichinohe.lg.jp/,東北地方,青森県,七戸町
http://www.town.rokunohe.aomori.jp/,東北地方,青森県,六戸町
http://www.town.yokohama.lg.jp/,東北地方,青森県,横浜町
http://www.town.tohoku.lg.jp/,東北地方,青森県,東北町
http://www.rokkasho.jp/,東北地方,青森県,六ヶ所村
http://www.town.oirase.aomori.jp/,東北地方,青森県,おいらせ町
http://www.town.ooma.lg.jp/,東北地方,青森県,大間町
http://www.vill.higashidoori.lg.jp/,東北地方,青森県,東通村
http://www.kazamaura.jp/,東北地方,青森県,風間浦村
http://www.vill.sai.lg.jp/,東北地方,青森県,佐井村
http://town.sannohe.aomori.jp/,東北地方,青森県,三戸町
http://www.town.gonohe.aomori.jp/,東北地方,青森県,五戸町
http://www.town.takko.lg.jp/,東北地方,青森県,田子町
http://www.town.aomori-nanbu.lg.jp/,東北地方,青森県,南部町
http://www.town.hashikami.lg.jp/,東北地方,青森県,階上町
http://www.vill.shingo.aomori.jp/,東北地方,青森県,新郷村
http://www.pref.iwate.jp/,東北地方,岩手県,岩手県
https://s-kantan.jp/pref-iwate-u/offer/offerList_initDisplay.action,東北地方,岩手県,岩手県電子申請・届出汎用受付システム
http://www.city.sendai.jp/,東北地方,宮城県,仙台市
http://www.city.sendai.jp/aobaku/,東北地方,宮城県,仙台市青葉区
http://www.city.sendai.jp/miyaginoku/,東北地方,宮城県,仙台市宮城野区
http://www.city.sendai.jp/wakabayashiku/,東北地方,宮城県,仙台市若林区
http://www.city.sendai.jp/taihakuku/,東北地方,宮城県,仙台市太白区
http://www.city.sendai.jp/izumiku/,東北地方,宮城県,仙台市泉区
http://www.city.ishinomaki.lg.jp/,東北地方,宮城県,石巻市
http://www.city.shiogama.miyagi.jp/,東北地方,宮城県,塩竈市
http://www.kesennuma.miyagi.jp/,東北地方,宮城県,気仙沼市
http://www.city.shiroishi.miyagi.jp/,東北地方,宮城県,白石市
http://www.city.natori.miyagi.jp/,東北地方,宮城県,名取市
http://www.city.kakuda.lg.jp/,東北地方,宮城県,角田市
http://www.city.tagajo.miyagi.jp/,東北地方,宮城県,多賀城市
http://www.city.iwanuma.miyagi.jp/,東北地方,宮城県,岩沼市
http://www.city.tome.miyagi.jp/,東北地方,宮城県,登米市
http://www.kuriharacity.jp/,東北地方,宮城県,栗原市
http://www.city.higashimatsushima.miyagi.jp/,東北地方,宮城県,東松島市
http://www.city.osaki.miyagi.jp/,東北地方,宮城県,大崎市
http://www.tomiya-city.miyagi.jp/,東北地方,宮城県,富谷市
http://www.town.zao.miyagi.jp/,東北地方,宮城県,蔵王町
https://town.shichikashuku.miyagi.jp/,東北地方,宮城県,七ケ宿町
http://www.town.ogawara.miyagi.jp/,東北地方,宮城県,大河原町
http://www.town.murata.miyagi.jp/,東北地方,宮城県,村田町
http://www.town.shibata.miyagi.jp/,東北地方,宮城県,柴田町
http://www.town.kawasaki.miyagi.jp/,東北地方,宮城県,川崎町
http://www.town.marumori.miyagi.jp/,東北地方,宮城県,丸森町
http://www.town.watari.miyagi.jp/,東北地方,宮城県,亘理町
http://www.town.yamamoto.miyagi.jp/,東北地方,宮城県,山元町
http://www.town.miyagi-matsushima.lg.jp/,東北地方,宮城県,松島町
http://www.shichigahama.com/,東北地方,宮城県,七ヶ浜町
http://www.town.rifu.miyagi.jp/,東北地方,宮城県,利府町
http://www.town.taiwa.miyagi.jp/,東北地方,宮城県,大和町
http://www.town.miyagi-osato.lg.jp/,東北地方,宮城県,大郷町
http://www.village.ohira.miyagi.jp/,東北地方,宮城県,大衡村
http://www.town.shikama.miyagi.jp/,東北地方,宮城県,色麻町
http://www.town.kami.miyagi.jp/,東北地方,宮城県,加美町
http://www.town.wakuya.miyagi.jp/,東北地方,宮城県,涌谷町
http://www.town.misato.miyagi.jp/,東北地方,宮城県,美里町
http://www.town.onagawa.miyagi.jp/,東北地方,宮城県,女川町
http://www.town.minamisanriku.miyagi.jp/,東北地方,宮城県,南三陸町
https://www.city.akita.lg.jp/,東北地方,秋田県,秋田市
https://www.city.noshiro.lg.jp/,東北地方,秋田県,能代市
http://www.city.yokote.lg.jp/,東北地方,秋田県,横手市
https://www.city.odate.lg.jp/,東北地方,秋田県,大館市
http://www.city.oga.akita.jp/,東北地方,秋田県,男鹿市
http://www.city-yuzawa.jp/,東北地方,秋田県,湯沢市
http://www.city.kazuno.akita.jp/,東北地方,秋田県,鹿角市
https://www.city.yurihonjo.lg.jp/,東北地方,秋田県,由利本荘市
http://www.city.katagami.lg.jp/,東北地方,秋田県,潟上市
http://www.city.daisen.akita.jp/,東北地方,秋田県,大仙市
http://www.city.kitaakita.akita.jp/,東北地方,秋田県,北秋田市
http://www.city.nikaho.akita.jp/,東北地方,秋田県,にかほ市
http://www.city.semboku.akita.jp/,東北地方,秋田県,仙北市
http://www.town.kosaka.akita.jp/,東北地方,秋田県,小坂町
http://www.vill.kamikoani.akita.jp/,東北地方,秋田県,上小阿仁村
http://www.town.fujisato.akita.jp/,東北地方,秋田県,藤里町
http://www.town.mitane.akita.jp/,東北地方,秋田県,三種町
http://www.town.happou.akita.jp/,東北地方,秋田県,八峰町
http://www.town.gojome.akita.jp/,東北地方,秋田県,五城目町
http://www.town.hachirogata.akita.jp/,東北地方,秋田県,八郎潟町
http://www.town.ikawa.akita.jp/,東北地方,秋田県,井川町
http://www.ogata.or.jp/,東北地方,秋田県,大潟村
http://www.town.misato.akita.jp/,東北地方,秋田県,美郷町
http://www.town.ugo.lg.jp/,東北地方,秋田県,羽後町
http://www.higashinaruse.com/,東北地方,秋田県,東成瀬村
http://www.city.yamagata-yamagata.lg.jp/,東北地方,山形県,山形市
http://www.city.yonezawa.yamagata.jp/,東北地方,山形県,米沢市
http://www.city.tsuruoka.lg.jp/,東北地方,山形県,鶴岡市
http://www.city.sakata.lg.jp/,東北地方,山形県,酒田市
http://www.city.shinjo.yamagata.jp/,東北地方,山形県,新庄市
http://www.city.sagae.yamagata.jp/,東北地方,山形県,寒河江市
http://www.city.kaminoyama.yamagata.jp/,東北地方,山形県,上山市
http://www.city.murayama.lg.jp/,東北地方,山形県,村山市
http://www.city.nagai.yamagata.jp/,東北地方,山形県,長井市
http://www.city.tendo.yamagata.jp/,東北地方,山形県,天童市
http://www.city.higashine.yamagata.jp/,東北地方,山形県,東根市
http://www.city.obanazawa.yamagata.jp/,東北地方,山形県,尾花沢市
http://www.city.nanyo.yamagata.jp/,東北地方,山形県,南陽市
http://www.town.yamanobe.yamagata.jp/,東北地方,山形県,山辺町
http://www.town.nakayama.yamagata.jp/,東北地方,山形県,中山町
http://www.town.kahoku.yamagata.jp/,東北地方,山形県,河北町
http://www.town.nishikawa.yamagata.jp/,東北地方,山形県,西川町
http://www.town.asahi.yamagata.jp/,東北地方,山形県,朝日町
http://www.town.oe.yamagata.jp/,東北地方,山形県,大江町
http://www.town.oishida.yamagata.jp/,東北地方,山形県,大石田町
http://www.town.kaneyama.yamagata.jp/,東北地方,山形県,金山町
http://mogami.tv/,東北地方,山形県,最上町
http://www.town.funagata.yamagata.jp/,東北地方,山形県,舟形町
https://www.town.mamurogawa.yamagata.jp/,東北地方,山形県,真室川町
http://www.vill.ohkura.yamagata.jp/,東北地方,山形県,大蔵村
http://www.vill.sakegawa.yamagata.jp/,東北地方,山形県,鮭川村
http://www.vill.tozawa.yamagata.jp/,東北地方,山形県,戸沢村
http://www.town.takahata.yamagata.jp/,東北地方,山形県,高畠町
http://www.town.kawanishi.yamagata.jp/,東北地方,山形県,川西町
http://www.town.oguni.yamagata.jp/,東北地方,山形県,小国町
http://www.town.shirataka.lg.jp/,東北地方,山形県,白鷹町
http://www.town.iide.yamagata.jp/,東北地方,山形県,飯豊町
http://www.town.mikawa.yamagata.jp/,東北地方,山形県,三川町
http://www.town.shonai.lg.jp/,東北地方,山形県,庄内町
http://www.town.yuza.yamagata.jp/,東北地方,山形県,遊佐町
http://www.city.fukushima.fukushima.jp/,東北地方,福島県,福島市
http://www.city.aizuwakamatsu.fukushima.jp/,東北地方,福島県,会津若松市
https://www.city.koriyama.lg.jp/,東北地方,福島県,郡山市
http://www.city.iwaki.lg.jp/www/index.html,東北地方,福島県,いわき市
http://www.city.shirakawa.fukushima.jp/,東北地方,福島県,白河市
http://www.city.sukagawa.fukushima.jp/,東北地方,福島県,須賀川市
http://www.city.kitakata.fukushima.jp/,東北地方,福島県,喜多方市
http://www.city.soma.fukushima.jp/,東北地方,福島県,相馬市
http://www.city.nihonmatsu.lg.jp/,東北地方,福島県,二本松市
http://www.city.tamura.lg.jp/,東北地方,福島県,田村市
http://www.city.minamisoma.lg.jp/,東北地方,福島県,南相馬市
https://www.city.fukushima-date.lg.jp/,東北地方,福島県,伊達市
http://www.city.motomiya.lg.jp/,東北地方,福島県,本宮市
http://www.town.koori.fukushima.jp/,東北地方,福島県,桑折町
http://www.town.kunimi.fukushima.jp/,東北地方,福島県,国見町
http://www.town.kawamata.lg.jp/,東北地方,福島県,川俣町
http://www.vill.otama.fukushima.jp/,東北地方,福島県,大玉村
http://www.town.kagamiishi.fukushima.jp/,東北地方,福島県,鏡石町
http://www.vill.tenei.fukushima.jp/,東北地方,福島県,天栄村
https://www.town.shimogo.fukushima.jp/,東北地方,福島県,下郷町
https://www.vill.hinoemata.lg.jp/,東北地方,福島県,檜枝岐村
https://www.town.tadami.lg.jp/,東北地方,福島県,只見町
http://www.minamiaizu.org/,東北地方,福島県,南会津町
http://www.vill.kitashiobara.fukushima.jp/,東北地方,福島県,北塩原村
http://www.town.nishiaizu.fukushima.jp/,東北地方,福島県,西会津町
https://www.town.bandai.fukushima.jp/,東北地方,福島県,磐梯町
http://www.town.inawashiro.fukushima.jp/,東北地方,福島県,猪苗代町
http://www.town.aizubange.fukushima.jp/,東北地方,福島県,会津坂下町
http://www.vill.yugawa.fukushima.jp/,東北地方,福島県,湯川村
http://www.town.yanaizu.fukushima.jp/,東北地方,福島県,柳津町
http://www.town.mishima.fukushima.jp/,東北地方,福島県,三島町
http://www.town.kaneyama.fukushima.jp/,東北地方,福島県,金山町
http://www.vill.showa.fukushima.jp/,東北地方,福島県,昭和村
http://www.town.aizumisato.fukushima.jp/,東北地方,福島県,会津美里町
http://www.vill.nishigo.fukushima.jp/,東北地方,福島県,西郷村
http://www.vill.izumizaki.fukushima.jp/,東北地方,福島県,泉崎村
http://www.vill-nakajima.jp/,東北地方,福島県,中島村
http://www.town.yabuki.fukushima.jp/,東北地方,福島県,矢吹町
http://www.town.tanagura.fukushima.jp/,東北地方,福島県,棚倉町
http://www.town.yamatsuri.fukushima.jp/,東北地方,福島県,矢祭町
http://www.town.hanawa.fukushima.jp/,東北地方,福島県,塙町
http://www.vill.samegawa.fukushima.jp/,東北地方,福島県,鮫川村
http://www.town.ishikawa.fukushima.jp/,東北地方,福島県,石川町
http://www.vill.tamakawa.fukushima.jp/,東北地方,福島県,玉川村
http://www.vill.hirata.fukushima.jp/,東北地方,福島県,平田村
http://www.town.asakawa.fukushima.jp/,東北地方,福島県,浅川町
http://www.town.furudono.fukushima.jp/,東北地方,福島県,古殿町
http://www.town.miharu.fukushima.jp/,東北地方,福島県,三春町
http://www.town.ono.fukushima.jp/,東北地方,福島県,小野町
http://www.town.hirono.fukushima.jp/,東北地方,福島県,広野町
http://www.town.naraha.lg.jp/,東北地方,福島県,楢葉町
http://www.tomioka-town.jp/,東北地方,福島県,富岡町
http://www.kawauchimura.jp/,東北地方,福島県,川内村
http://www.town.okuma.fukushima.jp/,東北地方,福島県,大熊町
http://www.town.fukushima-futaba.lg.jp/,東北地方,福島県,双葉町
http://www.town.namie.fukushima.jp/,東北地方,福島県,浪江町
http://www.katsurao.org/,東北地方,福島県,葛尾村
http://www.shinchi-town.jp/,東北地方,福島県,新地町
http://www.vill.iitate.fukushima.jp/,東北地方,福島県,飯舘村
http://www.city.mito.lg.jp/,関東地方,茨城県,水戸市
http://www.city.hitachi.lg.jp/,関東地方,茨城県,日立市
http://www.city.tsuchiura.lg.jp/,関東地方,茨城県,土浦市
http://www.city.ibaraki-koga.lg.jp/,関東地方,茨城県,古河市
http://www.city.ishioka.lg.jp/,関東地方,茨城県,石岡市
http://www.city.yuki.lg.jp/,関東地方,茨城県,結城市
http://www.city.ryugasaki.ibaraki.jp/,関東地方,茨城県,龍ケ崎市
http://www.city.shimotsuma.lg.jp/,関東地方,茨城県,下妻市
http://www.city.joso.lg.jp/,関東地方,茨城県,常総市
http://www.city.hitachiota.ibaraki.jp/,関東地方,茨城県,常陸太田市
http://www.city.takahagi.ibaraki.jp/,関東地方,茨城県,高萩市
http://www.city.kitaibaraki.lg.jp/,関東地方,茨城県,北茨城市
http://www.city.kasama.lg.jp/,関東地方,茨城県,笠間市
http://www.city.toride.ibaraki.jp/,関東地方,茨城県,取手市
http://www.city.ushiku.lg.jp/,関東地方,茨城県,牛久市
http://www.city.tsukuba.lg.jp/,関東地方,茨城県,つくば市
http://www.city.hitachinaka.lg.jp/,関東地方,茨城県,ひたちなか市
http://www.city.kashima.ibaraki.jp/,関東地方,茨城県,鹿嶋市
http://www.city.itako.lg.jp/,関東地方,茨城県,潮来市
http://www.city.moriya.ibaraki.jp/,関東地方,茨城県,守谷市
http://www.city.hitachiomiya.lg.jp/,関東地方,茨城県,常陸大宮市
http://www.city.naka.lg.jp/,関東地方,茨城県,那珂市
http://www.city.chikusei.lg.jp/,関東地方,茨城県,筑西市
http://www.city.bando.lg.jp/,関東地方,茨城県,坂東市
http://www.city.inashiki.lg.jp/,関東地方,茨城県,稲敷市
http://www.city.kasumigaura.lg.jp/,関東地方,茨城県,かすみがうら市
http://www.city.sakuragawa.lg.jp/,関東地方,茨城県,桜川市
http://www.city.kamisu.ibaraki.jp/,関東地方,茨城県,神栖市
http://www.city.namegata.ibaraki.jp/,関東地方,茨城県,行方市
http://www.city.hokota.lg.jp/,関東地方,茨城県,鉾田市
http://www.city.tsukubamirai.lg.jp/,関東地方,茨城県,つくばみらい市
http://www.city.omitama.lg.jp/,関東地方,茨城県,小美玉市
http://www.town.ibaraki.lg.jp/,関東地方,茨城県,茨城町
http://www.town.oarai.lg.jp/,関東地方,茨城県,大洗町
http://www.town.shirosato.lg.jp/,関東地方,茨城県,城里町
http://www.vill.tokai.ibaraki.jp/,関東地方,茨城県,東海村
http://www.town.daigo.ibaraki.jp/,関東地方,茨城県,大子町
http://www.vill.miho.lg.jp/,関東地方,茨城県,美浦村
http://www.town.ami.lg.jp/,関東地方,茨城県,阿見町
http://www.town.ibaraki-kawachi.lg.jp/,関東地方,茨城県,河内町
http://www.town.ibaraki-yachiyo.lg.jp/,関東地方,茨城県,八千代町
http://www.town.goka.lg.jp/,関東地方,茨城県,五霞町
https://www.town.ibaraki-sakai.lg.jp/,関東地方,茨城県,境町
http://www.town.tone.ibaraki.jp/,関東地方,茨城県,利根町
http://www.city.utsunomiya.tochigi.jp/,関東地方,栃木県,宇都宮市
http://www.city.ashikaga.tochigi.jp/,関東地方,栃木県,足利市
http://www.city.tochigi.lg.jp/,関東地方,栃木県,栃木市
http://www.city.sano.lg.jp/,関東地方,栃木県,佐野市
http://www.city.kanuma.tochigi.jp/,関東地方,栃木県,鹿沼市
http://www.city.nikko.lg.jp/,関東地方,栃木県,日光市
http://www.city.oyama.tochigi.jp/,関東地方,栃木県,小山市
https://www.city.moka.lg.jp/,関東地方,栃木県,真岡市
http://www.city.ohtawara.tochigi.jp/,関東地方,栃木県,大田原市
http://www.city.yaita.tochigi.jp/,関東地方,栃木県,矢板市
http://www.city.nasushiobara.lg.jp/,関東地方,栃木県,那須塩原市
http://www.city.tochigi-sakura.lg.jp/,関東地方,栃木県,さくら市
http://www.city.nasukarasuyama.lg.jp/,関東地方,栃木県,那須烏山市
http://www.city.shimotsuke.lg.jp/,関東地方,栃木県,下野市
https://www.town.kaminokawa.lg.jp/,関東地方,栃木県,上三川町
http://www.town.mashiko.tochigi.jp/,関東地方,栃木県,益子町
http://www.town.motegi.tochigi.jp/,関東地方,栃木県,茂木町
http://www.town.ichikai.tochigi.jp/,関東地方,栃木県,市貝町
https://www.town.tochigi-haga.lg.jp/,関東地方,栃木県,芳賀町
http://www.town.mibu.tochigi.jp/,関東地方,栃木県,壬生町
http://www.town.nogi.lg.jp/,関東地方,栃木県,野木町
http://www.town.shioya.tochigi.jp/,関東地方,栃木県,塩谷町
http://www.town.takanezawa.tochigi.jp/,関東地方,栃木県,高根沢町
http://www.town.nasu.lg.jp/,関東地方,栃木県,那須町
http://www.town.tochigi-nakagawa.lg.jp/,関東地方,栃木県,那珂川町
http://www.city.maebashi.gunma.jp/,関東地方,群馬県,前橋市
http://www.city.takasaki.gunma.jp/,関東地方,群馬県,高崎市
http://www.city.kiryu.lg.jp/,関東地方,群馬県,桐生市
http://www.city.isesaki.lg.jp/,関東地方,群馬県,伊勢崎市
http://www.city.ota.gunma.jp/,関東地方,群馬県,太田市
http://www.city.numata.gunma.jp/,関東地方,群馬県,沼田市
http://www.city.tatebayashi.gunma.jp/,関東地方,群馬県,館林市
http://www.city.shibukawa.lg.jp/,関東地方,群馬県,渋川市
http://www.city.fujioka.gunma.jp/,関東地方,群馬県,藤岡市
http://www.city.tomioka.lg.jp/,関東地方,群馬県,富岡市
http://www.city.annaka.lg.jp/,関東地方,群馬県,安中市
http://www.city.midori.gunma.jp/,関東地方,群馬県,みどり市
http://www.vill.shinto.gunma.jp/,関東地方,群馬県,榛東村
http://www.town.yoshioka.gunma.jp/,関東地方,群馬県,吉岡町
http://www.uenomura.jp/,関東地方,群馬県,上野村
http://www.town.kanna.gunma.jp/,関東地方,群馬県,神流町
http://www.town.shimonita.lg.jp/,関東地方,群馬県,下仁田町
http://www.nanmoku.ne.jp/,関東地方,群馬県,南牧村
https://www.town.kanra.lg.jp/,関東地方,群馬県,甘楽町
http://www.town.nakanojo.gunma.jp/,関東地方,群馬県,中之条町
http://www.town.naganohara.gunma.jp/,関東地方,群馬県,長野原町
http://www.vill.tsumagoi.gunma.jp/,関東地方,群馬県,嬬恋村
http://www.town.kusatsu.gunma.jp/,関東地方,群馬県,草津町
http://vill.takayama.gunma.jp/,関東地方,群馬県,高山村
http://www1.town.higashiagatsuma.gunma.jp/,関東地方,群馬県,東吾妻町
http://www.vill.katashina.gunma.jp/,関東地方,群馬県,片品村
http://www.vill.kawaba.gunma.jp/,関東地方,群馬県,川場村
https://www.vill.showa.gunma.jp/,関東地方,群馬県,昭和村
http://www.town.minakami.gunma.jp/,関東地方,群馬県,みなかみ町
http://www.town.tamamura.lg.jp/,関東地方,群馬県,玉村町
http://www.town.itakura.gunma.jp/,関東地方,群馬県,板倉町
http://www.town.meiwa.gunma.jp/,関東地方,群馬県,明和町
http://www.town.chiyoda.gunma.jp/,関東地方,群馬県,千代田町
http://www.town.oizumi.gunma.jp/,関東地方,群馬県,大泉町
http://www.town.ora.gunma.jp/,関東地方,群馬県,邑楽町
http://www.city.saitama.jp/,関東地方,埼玉県,さいたま市
http://www.city.saitama.jp/index_nishiku.html,関東地方,埼玉県,さいたま市西区
http://www.city.saitama.jp/index_kitaku.html,関東地方,埼玉県,さいたま市北区
http://www.city.saitama.jp/index_omiyaku.html,関東地方,埼玉県,さいたま市大宮区
http://www.city.saitama.jp/index_minumaku.html,関東地方,埼玉県,さいたま市見沼区
http://www.city.saitama.jp/index_chuoku.html,関東地方,埼玉県,さいたま市中央区
http://www.city.saitama.jp/index_sakuraku.html,関東地方,埼玉県,さいたま市桜区
http://www.city.saitama.jp/index_urawaku.html,関東地方,埼玉県,さいたま市浦和区
http://www.city.saitama.jp/index_minamiku.html,関東地方,埼玉県,さいたま市南区
http://www.city.saitama.jp/index_midoriku.html,関東地方,埼玉県,さいたま市緑区
http://www.city.saitama.jp/index_iwatsukiku.html,関東地方,埼玉県,さいたま市岩槻区
http://www.city.kawagoe.saitama.jp/,関東地方,埼玉県,川越市
http://www.city.kumagaya.lg.jp/,関東地方,埼玉県,熊谷市
http://www.city.kawaguchi.lg.jp/,関東地方,埼玉県,川口市
http://www.city.gyoda.lg.jp/,関東地方,埼玉県,行田市
http://www.city.chichibu.lg.jp/,関東地方,埼玉県,秩父市
http://www.city.tokorozawa.saitama.jp/,関東地方,埼玉県,所沢市
https://www.city.hanno.lg.jp/,関東地方,埼玉県,飯能市
http://www.city.kazo.lg.jp/,関東地方,埼玉県,加須市
http://www.city.honjo.lg.jp/,関東地方,埼玉県,本庄市
http://www.city.higashimatsuyama.lg.jp/,関東地方,埼玉県,東松山市
http://www.city.kasukabe.lg.jp/,関東地方,埼玉県,春日部市
http://www.city.sayama.saitama.jp/,関東地方,埼玉県,狭山市
http://www.city.hanyu.lg.jp/,関東地方,埼玉県,羽生市
http://www.city.kounosu.saitama.jp/,関東地方,埼玉県,鴻巣市
http://www.city.fukaya.saitama.jp/,関東地方,埼玉県,深谷市
http://www.city.ageo.lg.jp/,関東地方,埼玉県,上尾市
http://www.city.soka.saitama.jp/,関東地方,埼玉県,草加市
http://www.city.koshigaya.saitama.jp/,関東地方,埼玉県,越谷市
http://www.city.warabi.saitama.jp/,関東地方,埼玉県,蕨市
http://www.city.toda.saitama.jp/,関東地方,埼玉県,戸田市
http://www.city.iruma.saitama.jp/,関東地方,埼玉県,入間市
http://www.city.asaka.lg.jp/,関東地方,埼玉県,朝霞市
http://www.city.shiki.lg.jp/,関東地方,埼玉県,志木市
http://www.city.wako.lg.jp/,関東地方,埼玉県,和光市
http://www.city.niiza.lg.jp/,関東地方,埼玉県,新座市
http://www.city.okegawa.lg.jp/,関東地方,埼玉県,桶川市
http://www.city.kuki.lg.jp/,関東地方,埼玉県,久喜市
http://www.city.kitamoto.saitama.jp/,関東地方,埼玉県,北本市
http://www.city.yashio.lg.jp/,関東地方,埼玉県,八潮市
http://www.city.fujimi.saitama.jp/,関東地方,埼玉県,富士見市
http://www.city.misato.lg.jp/,関東地方,埼玉県,三郷市
http://www.city.hasuda.saitama.jp/,関東地方,埼玉県,蓮田市
http://www.city.sakado.lg.jp/,関東地方,埼玉県,坂戸市
http://www.city.satte.lg.jp/,関東地方,埼玉県,幸手市
http://www.city.tsurugashima.lg.jp/,関東地方,埼玉県,鶴ヶ島市
http://www.city.hidaka.lg.jp/,関東地方,埼玉県,日高市
http://www.city.yoshikawa.saitama.jp/,関東地方,埼玉県,吉川市
http://www.city.fujimino.saitama.jp/,関東地方,埼玉県,ふじみ野市
http://www.city.shiraoka.lg.jp/,関東地方,埼玉県,白岡市
http://www.town.saitama-ina.lg.jp/,関東地方,埼玉県,伊奈町
http://www.town.saitama-miyoshi.lg.jp/,関東地方,埼玉県,三芳町
http://www.town.moroyama.saitama.jp/,関東地方,埼玉県,毛呂山町
http://www.town.ogose.saitama.jp/,関東地方,埼玉県,越生町
http://www.town.namegawa.lg.jp/,関東地方,埼玉県,滑川町
http://www.town.ranzan.saitama.jp/,関東地方,埼玉県,嵐山町
http://www.town.ogawa.saitama.jp/,関東地方,埼玉県,小川町
http://www.town.kawajima.saitama.jp/,関東地方,埼玉県,川島町
http://www.town.yoshimi.saitama.jp/,関東地方,埼玉県,吉見町
http://www.town.hatoyama.saitama.jp/,関東地方,埼玉県,鳩山町
http://www.town.tokigawa.lg.jp/,関東地方,埼玉県,ときがわ町
http://www.town.yokoze.saitama.jp/,関東地方,埼玉県,横瀬町
http://www.town.minano.saitama.jp/,関東地方,埼玉県,皆野町
http://www.town.nagatoro.saitama.jp/,関東地方,埼玉県,長瀞町
http://www.town.ogano.lg.jp/,関東地方,埼玉県,小鹿野町
http://www.vill.higashichichibu.saitama.jp/,関東地方,埼玉県,東秩父村
http://www.town.saitama-misato.lg.jp/,関東地方,埼玉県,美里町
http://www.town.kamikawa.saitama.jp/,関東地方,埼玉県,神川町
http://www.town.kamisato.saitama.jp/,関東地方,埼玉県,上里町
http://www.town.yorii.saitama.jp/,関東地方,埼玉県,寄居町
http://www.town.miyashiro.lg.jp/,関東地方,埼玉県,宮代町
http://www.town.sugito.lg.jp/,関東地方,埼玉県,杉戸町
http://www.town.matsubushi.lg.jp/,関東地方,埼玉県,松伏町
http://www.city.chiba.jp/,関東地方,千葉県,千葉市
http://www.city.chiba.jp/chuo/index.html,関東地方,千葉県,千葉市中央区
http://www.city.chiba.jp/hanamigawa/index.html,関東地方,千葉県,千葉市花見川区
http://www.city.chiba.jp/inage/index.html,関東地方,千葉県,千葉市稲毛区
http://www.city.chiba.jp/wakaba/index.html,関東地方,千葉県,千葉市若葉区
http://www.city.chiba.jp/midori/index.html,関東地方,千葉県,千葉市緑区
http://www.city.chiba.jp/mihama/index.html,関東地方,千葉県,千葉市美浜区
http://www.city.choshi.chiba.jp/,関東地方,千葉県,銚子市
http://www.city.ichikawa.lg.jp/,関東地方,千葉県,市川市
http://www.city.funabashi.lg.jp/,関東地方,千葉県,船橋市
http://www.city.tateyama.chiba.jp/,関東地方,千葉県,館山市
http://www.city.kisarazu.lg.jp/,関東地方,千葉県,木更津市
http://www.city.matsudo.chiba.jp/,関東地方,千葉県,松戸市
http://www.city.noda.chiba.jp/,関東地方,千葉県,野田市
http://www.city.mobara.chiba.jp/,関東地方,千葉県,茂原市
http://www.city.narita.chiba.jp/,関東地方,千葉県,成田市
http://www.city.sakura.lg.jp/,関東地方,千葉県,佐倉市
http://www.city.togane.chiba.jp/,関東地方,千葉県,東金市
http://www.city.asahi.lg.jp/,関東地方,千葉県,旭市
http://www.city.narashino.lg.jp/,関東地方,千葉県,習志野市
http://www.city.kashiwa.lg.jp/,関東地方,千葉県,柏市
http://www.city.katsuura.lg.jp/,関東地方,千葉県,勝浦市
http://www.city.ichihara.chiba.jp/,関東地方,千葉県,市原市
http://www.city.nagareyama.chiba.jp/,関東地方,千葉県,流山市
http://www.city.yachiyo.chiba.jp/,関東地方,千葉県,八千代市
http://www.city.abiko.chiba.jp/,関東地方,千葉県,我孫子市
http://www.city.kamogawa.lg.jp/,関東地方,千葉県,鴨川市
http://www.city.kamagaya.chiba.jp/,関東地方,千葉県,鎌ケ谷市
http://www.city.kimitsu.lg.jp/,関東地方,千葉県,君津市
http://www.city.futtsu.lg.jp/,関東地方,千葉県,富津市
http://www.city.urayasu.lg.jp/,関東地方,千葉県,浦安市
http://www.city.yotsukaido.chiba.jp/,関東地方,千葉県,四街道市
http://www.city.sodegaura.lg.jp/,関東地方,千葉県,袖ケ浦市
http://www.city.yachimata.lg.jp/,関東地方,千葉県,八街市
http://www.city.inzai.lg.jp/,関東地方,千葉県,印西市
http://www.city.shiroi.chiba.jp/,関東地方,千葉県,白井市
http://www.city.tomisato.lg.jp/,関東地方,千葉県,富里市
http://www.city.minamiboso.chiba.jp/,関東地方,千葉県,南房総市
http://www.city.sosa.lg.jp/,関東地方,千葉県,匝瑳市
http://www.city.katori.lg.jp/,関東地方,千葉県,香取市
http://www.city.sammu.lg.jp/,関東地方,千葉県,山武市
http://www.city.isumi.lg.jp/,関東地方,千葉県,いすみ市
http://www.city.oamishirasato.lg.jp/,関東地方,千葉県,大網白里市
http://www.town.shisui.chiba.jp/,関東地方,千葉県,酒々井町
http://www.town.sakae.chiba.jp/,関東地方,千葉県,栄町
http://www.town.kozaki.chiba.jp/,関東地方,千葉県,神崎町
http://www.town.tako.chiba.jp/,関東地方,千葉県,多古町
http://www.town.tohnosho.chiba.jp/,関東地方,千葉県,東庄町
http://www.town.kujukuri.chiba.jp/,関東地方,千葉県,九十九里町
http://www.town.shibayama.lg.jp/,関東地方,千葉県,芝山町
http://www.town.yokoshibahikari.chiba.jp/,関東地方,千葉県,横芝光町
http://www.town.ichinomiya.chiba.jp/,関東地方,千葉県,一宮町
http://www.town.mutsuzawa.chiba.jp/,関東地方,千葉県,睦沢町
http://www.vill.chosei.chiba.jp/,関東地方,千葉県,長生村
http://www.town.shirako.lg.jp/,関東地方,千葉県,白子町
http://www.town.nagara.chiba.jp/,関東地方,千葉県,長柄町
http://www.town.chonan.chiba.jp/,関東地方,千葉県,長南町
http://www.town.otaki.chiba.jp/,関東地方,千葉県,大多喜町
http://www.town.onjuku.chiba.jp/,関東地方,千葉県,御宿町
http://www.town.kyonan.chiba.jp/,関東地方,千葉県,鋸南町
http://www.city.chiyoda.lg.jp/,関東地方,東京都,千代田区
http://www.city.chuo.lg.jp/,関東地方,東京都,中央区
http://www.city.minato.tokyo.jp/,関東地方,東京都,港区
http://www.city.shinjuku.lg.jp/,関東地方,東京都,新宿区
http://www.city.bunkyo.lg.jp/,関東地方,東京都,文京区
http://www.city.taito.lg.jp/,関東地方,東京都,台東区
http://www.city.sumida.lg.jp/,関東地方,東京都,墨田区
http://www.city.koto.lg.jp/,関東地方,東京都,江東区
http://www.city.shinagawa.tokyo.jp/,関東地方,東京都,品川区
http://www.city.meguro.tokyo.jp/,関東地方,東京都,目黒区
http://www.city.ota.tokyo.jp/,関東地方,東京都,大田区
http://www.city.setagaya.lg.jp/,関東地方,東京都,世田谷区
http://www.city.shibuya.tokyo.jp/,関東地方,東京都,渋谷区
http://www.city.tokyo-nakano.lg.jp/,関東地方,東京都,中野区
http://www.city.suginami.tokyo.jp/,関東地方,東京都,杉並区
http://www.city.toshima.lg.jp/,関東地方,東京都,豊島区
http://www.city.kita.tokyo.jp/,関東地方,東京都,北区
http://www.city.arakawa.tokyo.jp/,関東地方,東京都,荒川区
http://www.city.itabashi.tokyo.jp/,関東地方,東京都,板橋区
http://www.city.nerima.tokyo.jp/,関東地方,東京都,練馬区
http://www.city.adachi.tokyo.jp/,関東地方,東京都,足立区
http://www.city.katsushika.lg.jp/,関東地方,東京都,葛飾区
http://www.city.edogawa.tokyo.jp/,関東地方,東京都,江戸川区
http://www.city.hachioji.tokyo.jp/,関東地方,東京都,八王子市
http://www.city.tachikawa.lg.jp/,関東地方,東京都,立川市
http://www.city.musashino.lg.jp/,関東地方,東京都,武蔵野市
http://www.city.mitaka.tokyo.jp/,関東地方,東京都,三鷹市
https://www.city.ome.tokyo.jp/,関東地方,東京都,青梅市
http://www.city.fuchu.tokyo.jp/,関東地方,東京都,府中市
http://www.city.akishima.lg.jp/,関東地方,東京都,昭島市
http://www.city.chofu.tokyo.jp/,関東地方,東京都,調布市
http://www.city.machida.tokyo.jp/,関東地方,東京都,町田市
http://www.city.koganei.lg.jp/,関東地方,東京都,小金井市
http://www.city.kodaira.tokyo.jp/,関東地方,東京都,小平市
http://www.city.hino.lg.jp/,関東地方,東京都,日野市
http://www.city.higashimurayama.tokyo.jp/,関東地方,東京都,東村山市
http://www.city.kokubunji.tokyo.jp/,関東地方,東京都,国分寺市
http://www.city.kunitachi.tokyo.jp/,関東地方,東京都,国立市
http://www.city.fussa.tokyo.jp/,関東地方,東京都,福生市
http://www.city.komae.tokyo.jp/,関東地方,東京都,狛江市
http://www.city.higashiyamato.lg.jp/,関東地方,東京都,東大和市
http://www.city.kiyose.lg.jp/,関東地方,東京都,清瀬市
http://www.city.higashikurume.lg.jp/,関東地方,東京都,東久留米市
http://www.city.musashimurayama.lg.jp/,関東地方,東京都,武蔵村山市
http://www.city.tama.lg.jp/,関東地方,東京都,多摩市
http://www.city.inagi.tokyo.jp/,関東地方,東京都,稲城市
http://www.city.hamura.tokyo.jp/,関東地方,東京都,羽村市
http://www.city.akiruno.tokyo.jp/,関東地方,東京都,あきる野市
http://www.city.nishitokyo.lg.jp/,関東地方,東京都,西東京市
http://www.town.mizuho.tokyo.jp/,関東地方,東京都,瑞穂町
http://www.town.hinode.tokyo.jp/,関東地方,東京都,日の出町
http://www.vill.hinohara.tokyo.jp/,関東地方,東京都,檜原村
http://www.town.okutama.tokyo.jp/,関東地方,東京都,奥多摩町
http://www.town.oshima.tokyo.jp/,関東地方,東京都,大島町
http://www.toshimamura.org/,関東地方,東京都,利島村
http://www.niijima.com/,関東地方,東京都,新島村
http://vill.kouzushima.tokyo.jp/,関東地方,東京都,神津島村
http://www.vill.miyake.tokyo.jp/,関東地方,東京都,三宅村
http://www.mikurasima.jp/,関東地方,東京都,御蔵島村
http://www.town.hachijo.tokyo.jp/,関東地方,東京都,八丈町
http://www.vill.aogashima.tokyo.jp/,関東地方,東京都,青ヶ島村
http://www.vill.ogasawara.tokyo.jp/,関東地方,東京都,小笠原村
http://www.city.yokohama.lg.jp/,関東地方,神奈川県,横浜市
http://www.city.yokohama.lg.jp/tsurumi/,関東地方,神奈川県,横浜市鶴見区
http://www.city.yokohama.lg.jp/kanagawa/,関東地方,神奈川県,横浜市神奈川区
http://www.city.yokohama.lg.jp/nishi/,関東地方,神奈川県,横浜市西区
http://www.city.yokohama.lg.jp/naka/,関東地方,神奈川県,横浜市中区
http://www.city.yokohama.lg.jp/minami/,関東地方,神奈川県,横浜市南区
http://www.city.yokohama.lg.jp/hodogaya/,関東地方,神奈川県,横浜市保土ケ谷区
http://www.city.yokohama.lg.jp/isogo/,関東地方,神奈川県,横浜市磯子区
http://www.city.yokohama.lg.jp/kanazawa/,関東地方,神奈川県,横浜市金沢区
http://www.city.yokohama.lg.jp/kohoku/,関東地方,神奈川県,横浜市港北区
http://www.city.yokohama.lg.jp/totsuka/,関東地方,神奈川県,横浜市戸塚区
http://www.city.yokohama.lg.jp/konan/,関東地方,神奈川県,横浜市港南区
http://www.city.yokohama.lg.jp/asahi/,関東地方,神奈川県,横浜市旭区
http://www.city.yokohama.lg.jp/midori/,関東地方,神奈川県,横浜市緑区
http://www.city.yokohama.lg.jp/seya/,関東地方,神奈川県,横浜市瀬谷区
http://www.city.yokohama.lg.jp/sakae/,関東地方,神奈川県,横浜市栄区
http://www.city.yokohama.lg.jp/izumi/,関東地方,神奈川県,横浜市泉区
http://www.city.yokohama.lg.jp/aoba/,関東地方,神奈川県,横浜市青葉区
http://www.city.yokohama.lg.jp/tsuzuki/,関東地方,神奈川県,横浜市都筑区
http://www.city.kawasaki.jp/,関東地方,神奈川県,川崎市
http://www.city.kawasaki.jp/kawasaki/,関東地方,神奈川県,川崎市川崎区
http://www.city.kawasaki.jp/saiwai/,関東地方,神奈川県,川崎市幸区
http://www.city.kawasaki.jp/nakahara/,関東地方,神奈川県,川崎市中原区
http://www.city.kawasaki.jp/takatsu/,関東地方,神奈川県,川崎市高津区
http://www.city.kawasaki.jp/tama/,関東地方,神奈川県,川崎市多摩区
http://www.city.kawasaki.jp/miyamae/,関東地方,神奈川県,川崎市宮前区
http://www.city.kawasaki.jp/asao/,関東地方,神奈川県,川崎市麻生区
http://www.city.sagamihara.kanagawa.jp/,関東地方,神奈川県,相模原市
http://www.city.sagamihara.kanagawa.jp/midoriku/index.html,関東地方,神奈川県,相模原市緑区
http://www.city.sagamihara.kanagawa.jp/chuoku/index.html,関東地方,神奈川県,相模原市中央区
http://www.city.sagamihara.kanagawa.jp/minamiku/index.html,関東地方,神奈川県,相模原市南区
http://www.city.yokosuka.kanagawa.jp/,関東地方,神奈川県,横須賀市
http://www.city.hiratsuka.kanagawa.jp/,関東地方,神奈川県,平塚市
http://www.city.kamakura.kanagawa.jp/,関東地方,神奈川県,鎌倉市
http://www.city.fujisawa.kanagawa.jp/,関東地方,神奈川県,藤沢市
http://www.city.odawara.kanagawa.jp/,関東地方,神奈川県,小田原市
http://www.city.chigasaki.kanagawa.jp/,関東地方,神奈川県,茅ヶ崎市
http://www.city.zushi.kanagawa.jp/,関東地方,神奈川県,逗子市
http://www.city.miura.kanagawa.jp/,関東地方,神奈川県,三浦市
http://www.city.hadano.kanagawa.jp/,関東地方,神奈川県,秦野市
http://www.city.atsugi.kanagawa.jp/,関東地方,神奈川県,厚木市
http://www.city.yamato.lg.jp/,関東地方,神奈川県,大和市
http://www.city.isehara.kanagawa.jp/,関東地方,神奈川県,伊勢原市
http://www.city.ebina.kanagawa.jp/,関東地方,神奈川県,海老名市
http://www.city.zama.kanagawa.jp/,関東地方,神奈川県,座間市
http://www.city.minamiashigara.kanagawa.jp/,関東地方,神奈川県,南足柄市
http://www.city.ayase.kanagawa.jp/,関東地方,神奈川県,綾瀬市
http://www.town.hayama.lg.jp/,関東地方,神奈川県,葉山町
http://www.town.samukawa.kanagawa.jp/,関東地方,神奈川県,寒川町
http://www.town.oiso.kanagawa.jp/,関東地方,神奈川県,大磯町
http://www.town.ninomiya.kanagawa.jp/,関東地方,神奈川県,二宮町
http://www.town.nakai.kanagawa.jp/,関東地方,神奈川県,中井町
http://www.town.oi.kanagawa.jp/,関東地方,神奈川県,大井町
http://town.matsuda.kanagawa.jp/,関東地方,神奈川県,松田町
http://www.town.yamakita.kanagawa.jp/,関東地方,神奈川県,山北町
http://www.town.kaisei.kanagawa.jp/,関東地方,神奈川県,開成町
http://www.town.hakone.kanagawa.jp/,関東地方,神奈川県,箱根町
http://www.town.manazuru.kanagawa.jp/,関東地方,神奈川県,真鶴町
http://www.town.yugawara.kanagawa.jp/,関東地方,神奈川県,湯河原町
http://www.town.aikawa.kanagawa.jp/,関東地方,神奈川県,愛川町
http://www.town.kiyokawa.kanagawa.jp/,関東地方,神奈川県,清川村
http://www.city.niigata.lg.jp/,中部地方,新潟県,新潟市
http://www.city.niigata.lg.jp/kita/index.html,中部地方,新潟県,新潟市北区
http://www.city.niigata.lg.jp/higashi/index.html,中部地方,新潟県,新潟市東区
http://www.city.niigata.lg.jp/chuo/index.html,中部地方,新潟県,新潟市中央区
http://www.city.niigata.lg.jp/konan/index.html,中部地方,新潟県,新潟市江南区
http://www.city.niigata.lg.jp/akiha/index.html,中部地方,新潟県,新潟市秋葉区
http://www.city.niigata.lg.jp/minami/index.html,中部地方,新潟県,新潟市南区
http://www.city.niigata.lg.jp/nishi/index.html,中部地方,新潟県,新潟市西区
http://www.city.niigata.lg.jp/nishikan/index.html,中部地方,新潟県,新潟市西蒲区
http://www.city.nagaoka.niigata.jp/,中部地方,新潟県,長岡市
http://www.city.sanjo.niigata.jp/,中部地方,新潟県,三条市
http://www.city.kashiwazaki.lg.jp/,中部地方,新潟県,柏崎市
http://www.city.shibata.lg.jp/,中部地方,新潟県,新発田市
http://www.city.ojiya.niigata.jp/,中部地方,新潟県,小千谷市
http://www.city.kamo.niigata.jp/,中部地方,新潟県,加茂市
http://www.city.tokamachi.lg.jp/,中部地方,新潟県,十日町市
http://www.city.mitsuke.niigata.jp/,中部地方,新潟県,見附市
http://www.city.murakami.lg.jp/,中部地方,新潟県,村上市
http://www.city.tsubame.niigata.jp/,中部地方,新潟県,燕市
http://www.city.itoigawa.lg.jp/,中部地方,新潟県,糸魚川市
http://www.city.myoko.niigata.jp/,中部地方,新潟県,妙高市
http://www.city.gosen.lg.jp/,中部地方,新潟県,五泉市
http://www.city.joetsu.niigata.jp/,中部地方,新潟県,上越市
http://www.city.agano.niigata.jp/,中部地方,新潟県,阿賀野市
http://www.city.sado.niigata.jp/,中部地方,新潟県,佐渡市
https://www.city.uonuma.niigata.jp/,中部地方,新潟県,魚沼市
http://www.city.minamiuonuma.niigata.jp/,中部地方,新潟県,南魚沼市
http://www.city.tainai.niigata.jp/,中部地方,新潟県,胎内市
http://www.town.seiro.niigata.jp/,中部地方,新潟県,聖籠町
http://www.vill.yahiko.niigata.jp/,中部地方,新潟県,弥彦村
http://www.town.tagami.niigata.jp/,中部地方,新潟県,田上町
http://www.town.aga.niigata.jp/,中部地方,新潟県,阿賀町
http://www.town.izumozaki.niigata.jp/,中部地方,新潟県,出雲崎町
http://www.town.yuzawa.lg.jp/,中部地方,新潟県,湯沢町
http://www.town.tsunan.niigata.jp/,中部地方,新潟県,津南町
http://www.vill.kariwa.niigata.jp/,中部地方,新潟県,刈羽村
http://www.vill.sekikawa.niigata.jp/,中部地方,新潟県,関川村
http://www.vill.awashimaura.lg.jp/,中部地方,新潟県,粟島浦村
http://www.city.toyama.toyama.jp/,中部地方,富山県,富山市
http://www.city.takaoka.toyama.jp/,中部地方,富山県,高岡市
http://www.city.uozu.toyama.jp/,中部地方,富山県,魚津市
http://www.city.himi.toyama.jp/,中部地方,富山県,氷見市
http://www.city.namerikawa.toyama.jp/,中部地方,富山県,滑川市
https://www.city.kurobe.toyama.jp,中部地方,富山県,黒部市
http://www.city.tonami.toyama.jp/,中部地方,富山県,砺波市
http://www.city.oyabe.toyama.jp/,中部地方,富山県,小矢部市
http://www.city.nanto.toyama.jp/,中部地方,富山県,南砺市
http://www.city.imizu.toyama.jp/,中部地方,富山県,射水市
http://www.vill.funahashi.toyama.jp/,中部地方,富山県,舟橋村
http://www.town.kamiichi.toyama.jp/,中部地方,富山県,上市町
http://www.town.tateyama.toyama.jp/,中部地方,富山県,立山町
http://www.town.nyuzen.toyama.jp/,中部地方,富山県,入善町
http://www.town.asahi.toyama.jp/,中部地方,富山県,朝日町
http://www4.city.kanazawa.lg.jp/,中部地方,石川県,金沢市
http://www.city.nanao.lg.jp/,中部地方,石川県,七尾市
http://www.city.komatsu.lg.jp/,中部地方,石川県,小松市
http://www.city.wajima.ishikawa.jp/,中部地方,石川県,輪島市
https://www.city.suzu.lg.jp/,中部地方,石川県,珠洲市
http://www.city.kaga.ishikawa.jp/,中部地方,石川県,加賀市
http://www.city.hakui.lg.jp/,中部地方,石川県,羽咋市
http://www.city.kahoku.ishikawa.jp/,中部地方,石川県,かほく市
http://www.city.hakusan.ishikawa.jp/,中部地方,石川県,白山市
http://www.city.nomi.ishikawa.jp/,中部地方,石川県,能美市
http://www.city.nonoichi.lg.jp/,中部地方,石川県,野々市市
http://www.town.kawakita.ishikawa.jp/,中部地方,石川県,川北町
http://www.town.tsubata.ishikawa.jp/,中部地方,石川県,津幡町
http://www.town.uchinada.lg.jp/,中部地方,石川県,内灘町
http://www.town.shika.lg.jp/,中部地方,石川県,志賀町
http://www.hodatsushimizu.jp/,中部地方,石川県,宝達志水町
http://www.town.nakanoto.ishikawa.jp/,中部地方,石川県,中能登町
http://www.town.anamizu.ishikawa.jp/,中部地方,石川県,穴水町
http://www.town.noto.lg.jp/,中部地方,石川県,能登町
http://www.city.fukui.lg.jp/,中部地方,福井県,福井市
http://www.city.tsuruga.lg.jp/,中部地方,福井県,敦賀市
http://www1.city.obama.fukui.jp/,中部地方,福井県,小浜市
http://www.city.ono.fukui.jp/,中部地方,福井県,大野市
http://www.city.katsuyama.fukui.jp/,中部地方,福井県,勝山市
http://www.city.sabae.fukui.jp/,中部地方,福井県,鯖江市
http://www.city.awara.lg.jp/,中部地方,福井県,あわら市
http://www.city.echizen.lg.jp/,中部地方,福井県,越前市
http://www.city.fukui-sakai.lg.jp/,中部地方,福井県,坂井市
http://www.town.eiheiji.lg.jp/,中部地方,福井県,永平寺町
http://www.town.ikeda.fukui.jp/,中部地方,福井県,池田町
http://www.town.minamiechizen.lg.jp/,中部地方,福井県,南越前町
http://www.town.echizen.fukui.jp/,中部地方,福井県,越前町
http://www.town.mihama.fukui.jp/,中部地方,福井県,美浜町
http://www.town.takahama.fukui.jp/,中部地方,福井県,高浜町
http://www.town.ohi.fukui.jp/,中部地方,福井県,おおい町
http://www.town.fukui-wakasa.lg.jp/,中部地方,福井県,若狭町
http://www.city.kofu.yamanashi.jp/,中部地方,山梨県,甲府市
http://www.city.fujiyoshida.yamanashi.jp/,中部地方,山梨県,富士吉田市
http://www.city.tsuru.yamanashi.jp/,中部地方,山梨県,都留市
http://www.city.yamanashi.yamanashi.jp/,中部地方,山梨県,山梨市
http://www.city.otsuki.yamanashi.jp/,中部地方,山梨県,大月市
http://www.city.nirasaki.lg.jp/,中部地方,山梨県,韮崎市
http://www.city.minami-alps.yamanashi.jp/,中部地方,山梨県,南アルプス市
http://www.city.hokuto.yamanashi.jp/,中部地方,山梨県,北杜市
http://www.city.kai.yamanashi.jp/,中部地方,山梨県,甲斐市
http://www.city.fuefuki.yamanashi.jp/,中部地方,山梨県,笛吹市
http://www.city.uenohara.yamanashi.jp/,中部地方,山梨県,上野原市
http://www.city.koshu.yamanashi.jp/,中部地方,山梨県,甲州市
http://www.city.chuo.yamanashi.jp/,中部地方,山梨県,中央市
http://www.town.ichikawamisato.yamanashi.jp/,中部地方,山梨県,市川三郷町
http://www.town.hayakawa.yamanashi.jp/,中部地方,山梨県,早川町
https://www.town.minobu.lg.jp/,中部地方,山梨県,身延町
http://www.town.nanbu.yamanashi.jp/,中部地方,山梨県,南部町
http://www.town.fujikawa.yamanashi.jp/,中部地方,山梨県,富士川町
http://www.town.showa.yamanashi.jp/,中部地方,山梨県,昭和町
http://www.vill.doshi.lg.jp/,中部地方,山梨県,道志村
http://www.town.nishikatsura.yamanashi.jp/,中部地方,山梨県,西桂町
http://www.vill.oshino.lg.jp/,中部地方,山梨県,忍野村
http://www.vill.yamanakako.lg.jp/,中部地方,山梨県,山中湖村
http://www.vill.narusawa.yamanashi.jp/,中部地方,山梨県,鳴沢村
http://www.town.fujikawaguchiko.lg.jp/,中部地方,山梨県,富士河口湖町
http://www.vill.kosuge.yamanashi.jp/,中部地方,山梨県,小菅村
http://www.vill.tabayama.yamanashi.jp/,中部地方,山梨県,丹波山村
http://www.city.nagano.nagano.jp/,中部地方,長野県,長野市
http://www.city.matsumoto.nagano.jp/,中部地方,長野県,松本市
http://www.city.ueda.nagano.jp/,中部地方,長野県,上田市
http://www.city.okaya.lg.jp/,中部地方,長野県,岡谷市
http://www.city.iida.lg.jp/,中部地方,長野県,飯田市
http://www.city.suwa.lg.jp/,中部地方,長野県,諏訪市
http://www.city.suzaka.nagano.jp/,中部地方,長野県,須坂市
http://www.city.komoro.lg.jp/,中部地方,長野県,小諸市
http://www.inacity.jp/,中部地方,長野県,伊那市
http://www.city.komagane.nagano.jp/,中部地方,長野県,駒ヶ根市
http://www.city.nakano.nagano.jp/,中部地方,長野県,中野市
http://www.city.omachi.nagano.jp/,中部地方,長野県,大町市
http://www.city.iiyama.nagano.jp/,中部地方,長野県,飯山市
http://www.city.chino.lg.jp/,中部地方,長野県,茅野市
http://www.city.shiojiri.lg.jp/,中部地方,長野県,塩尻市
http://www.city.saku.nagano.jp/,中部地方,長野県,佐久市
http://www.city.chikuma.lg.jp/,中部地方,長野県,千曲市
http://www.city.tomi.nagano.jp/,中部地方,長野県,東御市
http://www.city.azumino.nagano.jp/,中部地方,長野県,安曇野市
http://www.koumi-town.jp/,中部地方,長野県,小海町
http://www.vill.kawakami.nagano.jp/,中部地方,長野県,川上村
http://www.minamimakimura.jp/,中部地方,長野県,南牧村
http://www.minamiaiki.jp/,中部地方,長野県,南相木村
http://www.vill.kitaaiki.nagano.jp/,中部地方,長野県,北相木村
http://www.town.sakuho.nagano.jp/,中部地方,長野県,佐久穂町
http://www.town.karuizawa.lg.jp/,中部地方,長野県,軽井沢町
http://www.town.miyota.nagano.jp/,中部地方,長野県,御代田町
http://www.town.tateshina.nagano.jp/,中部地方,長野県,立科町
http://www.vill.aoki.nagano.jp/,中部地方,長野県,青木村
http://www.town.nagawa.nagano.jp/,中部地方,長野県,長和町
http://www.town.shimosuwa.lg.jp/,中部地方,長野県,下諏訪町
http://www.town.fujimi.lg.jp/,中部地方,長野県,富士見町
https://www.vill.hara.lg.jp/,中部地方,長野県,原村
http://www.town.tatsuno.nagano.jp/,中部地方,長野県,辰野町
https://www.town.minowa.lg.jp/,中部地方,長野県,箕輪町
http://www.town.iijima.lg.jp/,中部地方,長野県,飯島町
https://www.vill.minamiminowa.lg.jp/,中部地方,長野県,南箕輪村
http://www.vill.nakagawa.nagano.jp/,中部地方,長野県,中川村
http://www.vill.miyada.nagano.jp/,中部地方,長野県,宮田村
http://www.matsukawa-town.jp/,中部地方,長野県,松川町
http://www.town.nagano-takamori.lg.jp/,中部地方,長野県,高森町
http://www.town.anan.nagano.jp/,中部地方,長野県,阿南町
http://www.vill.achi.nagano.jp/,中部地方,長野県,阿智村
http://hirayamura.jp/,中部地方,長野県,平谷村
http://www.nebamura.jp/,中部地方,長野県,根羽村
http://www.vill-shimojo.jp/,中部地方,長野県,下條村
http://www.urugi.jp/,中部地方,長野県,売木村
http://www.vill-tenryu.jp/,中部地方,長野県,天龍村
http://vill.yasuoka.nagano.jp/,中部地方,長野県,泰阜村
http://www.vill.takagi.nagano.jp/,中部地方,長野県,喬木村
http://www.vill.nagano-toyooka.lg.jp/,中部地方,長野県,豊丘村
http://www.vill.ooshika.nagano.jp/,中部地方,長野県,大鹿村
http://www.town.agematsu.nagano.jp/,中部地方,長野県,上松町
http://www.town.nagiso.nagano.jp/,中部地方,長野県,南木曽町
http://www.vill.kiso.nagano.jp/,中部地方,長野県,木祖村
http://www.vill.otaki.nagano.jp/,中部地方,長野県,王滝村
http://www.vill.ookuwa.nagano.jp/,中部地方,長野県,大桑村
http://www.town-kiso.com/,中部地方,長野県,木曽町
http://www.vill.omi.nagano.jp/,中部地方,長野県,麻績村
http://www.village.ikusaka.nagano.jp/,中部地方,長野県,生坂村
http://www.vill.yamagata.nagano.jp/,中部地方,長野県,山形村
http://www.vill.asahi.nagano.jp/,中部地方,長野県,朝日村
http://www.vill.chikuhoku.lg.jp/,中部地方,長野県,筑北村
http://www.ikedamachi.net/,中部地方,長野県,池田町
http://www.vill.matsukawa.nagano.jp/,中部地方,長野県,松川村
http://www.vill.hakuba.nagano.jp/,中部地方,長野県,白馬村
http://www.vill.otari.nagano.jp/,中部地方,長野県,小谷村
http://www.town.sakaki.nagano.jp/,中部地方,長野県,坂城町
http://www.town.obuse.nagano.jp/,中部地方,長野県,小布施町
http://www.vill.takayama.nagano.jp/,中部地方,長野県,高山村
http://www.town.yamanouchi.nagano.jp/,中部地方,長野県,山ノ内町
http://www.kijimadaira.jp/,中部地方,長野県,木島平村
http://www.vill.nozawaonsen.nagano.jp/,中部地方,長野県,野沢温泉村
https://www.town.shinano.lg.jp/,中部地方,長野県,信濃町
http://www.vill.ogawa.nagano.jp/,中部地方,長野県,小川村
http://www.town.iizuna.nagano.jp/,中部地方,長野県,飯綱町
http://www.vill.sakae.nagano.jp/,中部地方,長野県,栄村
http://www.city.gifu.lg.jp/,中部地方,岐阜県,岐阜市
http://www.city.ogaki.lg.jp/,中部地方,岐阜県,大垣市
http://www.city.takayama.lg.jp/,中部地方,岐阜県,高山市
http://www.city.tajimi.lg.jp/,中部地方,岐阜県,多治見市
http://www.city.seki.gifu.jp/,中部地方,岐阜県,関市
http://www.city.nakatsugawa.gifu.jp/,中部地方,岐阜県,中津川市
http://www.city.mino.gifu.jp/,中部地方,岐阜県,美濃市
http://www.city.mizunami.lg.jp/,中部地方,岐阜県,瑞浪市
http://www.city.hashima.lg.jp/,中部地方,岐阜県,羽島市
http://www.city.ena.lg.jp/,中部地方,岐阜県,恵那市
http://www.city.minokamo.gifu.jp/,中部地方,岐阜県,美濃加茂市
http://www.city.toki.lg.jp/,中部地方,岐阜県,土岐市
http://www.city.kakamigahara.lg.jp/,中部地方,岐阜県,各務原市
http://www.city.kani.lg.jp/,中部地方,岐阜県,可児市
http://www.city.yamagata.gifu.jp/,中部地方,岐阜県,山県市
http://www.city.mizuho.lg.jp/,中部地方,岐阜県,瑞穂市
http://www.city.hida.gifu.jp/,中部地方,岐阜県,飛騨市
http://www.city.motosu.lg.jp/,中部地方,岐阜県,本巣市
http://www.city.gujo.gifu.jp/,中部地方,岐阜県,郡上市
http://www.city.gero.lg.jp/,中部地方,岐阜県,下呂市
http://www.city.kaizu.lg.jp/,中部地方,岐阜県,海津市
http://www.town.ginan.lg.jp/,中部地方,岐阜県,岐南町
http://www.town.kasamatsu.gifu.jp/,中部地方,岐阜県,笠松町
http://www.town.yoro.gifu.jp/,中部地方,岐阜県,養老町
http://www.town.tarui.lg.jp/,中部地方,岐阜県,垂井町
http://www.town.sekigahara.gifu.jp/,中部地方,岐阜県,関ケ原町
http://www.town.godo.gifu.jp/,中部地方,岐阜県,神戸町
http://town.wanouchi.gifu.jp/,中部地方,岐阜県,輪之内町
http://www.town.anpachi.gifu.jp/,中部地方,岐阜県,安八町
http://www.town.ibigawa.lg.jp/,中部地方,岐阜県,揖斐川町
http://www.town-ono.jp/,中部地方,岐阜県,大野町
http://www.town.ikeda.gifu.jp/,中部地方,岐阜県,池田町
http://www.town.kitagata.gifu.jp/,中部地方,岐阜県,北方町
http://www.town.sakahogi.gifu.jp/,中部地方,岐阜県,坂祝町
http://www.town.tomika.gifu.jp/,中部地方,岐阜県,富加町
http://www.kawabe-gifu.jp/,中部地方,岐阜県,川辺町
http://www.hichiso.jp/,中部地方,岐阜県,七宗町
http://www.town.yaotsu.lg.jp/,中部地方,岐阜県,八百津町
http://www.town.shirakawa.lg.jp/,中部地方,岐阜県,白川町
https://www.vill.higashishirakawa.gifu.jp/,中部地方,岐阜県,東白川村
http://www.town.mitake.gifu.jp/index.cfm,中部地方,岐阜県,御嵩町
http://shirakawa-go.org/,中部地方,岐阜県,白川村
https://www.city.shizuoka.lg.jp/,中部地方,静岡県,静岡市
https://www.city.shizuoka.lg.jp/aoi.html,中部地方,静岡県, 静岡市葵区
https://www.city.shizuoka.lg.jp/suruga.html,中部地方,静岡県, 静岡市駿河区
https://www.city.shizuoka.lg.jp/shimizu.html,中部地方,静岡県,静岡市清水区
https://www.city.hamamatsu.shizuoka.jp/,中部地方,静岡県,浜松市
https://www.city.hamamatsu.shizuoka.jp/c-shinko/ward/nakaku/index.html,中部地方,静岡県, 浜松市中区
https://www.city.hamamatsu.shizuoka.jp/e-shinko/ward/higashiku/index.html,中部地方,静岡県,浜松市東区
https://www.city.hamamatsu.shizuoka.jp/w-shinko/ward/nishiku/index.html,中部地方,静岡県, 浜松市西区
https://www.city.hamamatsu.shizuoka.jp/s-shinko/ward/minamiku/index.html,中部地方,静岡県,浜松市南区
https://www.city.hamamatsu.shizuoka.jp/n-shinko/ward/kitaku/index.html,中部地方,静岡県,浜松市北区
https://www.city.hamamatsu.shizuoka.jp/hk-shinko/ward/hamakitaku/index.html,中部地方,静岡県,浜松市浜北区
https://www.city.hamamatsu.shizuoka.jp/tn-shinko/ward/tenryuku/index.html,中部地方,静岡県,浜松市天竜区
http://www.city.numazu.shizuoka.jp/,中部地方,静岡県,沼津市
http://www.city.atami.lg.jp/,中部地方,静岡県,熱海市
http://www.city.mishima.shizuoka.jp/,中部地方,静岡県,三島市
http://www.city.fujinomiya.lg.jp/,中部地方,静岡県,富士宮市
http://www.city.ito.shizuoka.jp/,中部地方,静岡県,伊東市
http://www.city.shimada.shizuoka.jp/,中部地方,静岡県,島田市
http://www.city.fuji.shizuoka.jp/,中部地方,静岡県,富士市
http://www.city.iwata.shizuoka.jp/,中部地方,静岡県,磐田市
http://www.city.yaizu.lg.jp/,中部地方,静岡県,焼津市
http://www.city.kakegawa.shizuoka.jp/,中部地方,静岡県,掛川市
http://www.city.fujieda.shizuoka.jp/,中部地方,静岡県,藤枝市
https://www.city.gotemba.lg.jp/,中部地方,静岡県,御殿場市
http://www.city.fukuroi.shizuoka.jp/,中部地方,静岡県,袋井市
http://www.city.shimoda.shizuoka.jp/,中部地方,静岡県,下田市
http://www.city.susono.shizuoka.jp/,中部地方,静岡県,裾野市
http://www.city.kosai.shizuoka.jp/,中部地方,静岡県,湖西市
http://www.city.izu.shizuoka.jp/,中部地方,静岡県,伊豆市
http://www.city.omaezaki.shizuoka.jp/,中部地方,静岡県,御前崎市
http://www.city.kikugawa.shizuoka.jp/,中部地方,静岡県,菊川市
http://www.city.izunokuni.shizuoka.jp/,中部地方,静岡県,伊豆の国市
http://www.city.makinohara.shizuoka.jp/,中部地方,静岡県,牧之原市
http://www.town.higashiizu.shizuoka.jp/,中部地方,静岡県,東伊豆町
http://www.town.kawazu.shizuoka.jp/,中部地方,静岡県,河津町
http://www.town.minamiizu.shizuoka.jp/,中部地方,静岡県,南伊豆町
http://www.town.matsuzaki.shizuoka.jp/,中部地方,静岡県,松崎町
http://www.town.nishiizu.shizuoka.jp/,中部地方,静岡県,西伊豆町
http://www.town.kannami.shizuoka.jp/,中部地方,静岡県,函南町
http://www.town.shimizu.shizuoka.jp/,中部地方,静岡県,清水町
http://www.town.nagaizumi.lg.jp/,中部地方,静岡県,長泉町
http://www.fuji-oyama.jp/,中部地方,静岡県,小山町
http://www.town.yoshida.shizuoka.jp/,中部地方,静岡県,吉田町
http://www.town.kawanehon.shizuoka.jp/,中部地方,静岡県,川根本町
http://www.town.morimachi.shizuoka.jp/,中部地方,静岡県,森町
http://www.city.nagoya.jp/,中部地方,愛知県,名古屋市
http://www.city.nagoya.jp/chikusa/,中部地方,愛知県,名古屋市千種区
http://www.city.nagoya.jp/higashi/,中部地方,愛知県,名古屋市東区
http://www.city.nagoya.jp/kita/,中部地方,愛知県,名古屋市北区
http://www.city.nagoya.jp/nishi/,中部地方,愛知県,名古屋市西区
http://www.city.nagoya.jp/nakamura/,中部地方,愛知県,名古屋市中村区
http://www.city.nagoya.jp/naka/,中部地方,愛知県,名古屋市中区
http://www.city.nagoya.jp/showa/,中部地方,愛知県,名古屋市昭和区
http://www.city.nagoya.jp/mizuho/,中部地方,愛知県,名古屋市瑞穂区
http://www.city.nagoya.jp/atsuta/,中部地方,愛知県,名古屋市熱田区
http://www.city.nagoya.jp/nakagawa/,中部地方,愛知県,名古屋市中川区
http://www.city.nagoya.jp/minato/,中部地方,愛知県,名古屋市港区
http://www.city.nagoya.jp/minami/,中部地方,愛知県,名古屋市南区
http://www.city.nagoya.jp/moriyama/,中部地方,愛知県,名古屋市守山区
http://www.city.nagoya.jp/midori/,中部地方,愛知県,名古屋市緑区
http://www.city.nagoya.jp/meito/,中部地方,愛知県,名古屋市名東区
http://www.city.nagoya.jp/tempaku/,中部地方,愛知県,名古屋市天白区
http://www.city.toyohashi.lg.jp/,中部地方,愛知県,豊橋市
http://www.city.okazaki.lg.jp/,中部地方,愛知県,岡崎市
http://www.city.ichinomiya.aichi.jp/,中部地方,愛知県,一宮市
http://www.city.seto.aichi.jp/,中部地方,愛知県,瀬戸市
http://www.city.handa.lg.jp/,中部地方,愛知県,半田市
http://www.city.kasugai.lg.jp/,中部地方,愛知県,春日井市
http://www.city.toyokawa.lg.jp/,中部地方,愛知県,豊川市
http://www.city.tsushima.lg.jp/,中部地方,愛知県,津島市
http://www.city.hekinan.aichi.jp/,中部地方,愛知県,碧南市
http://www.city.kariya.lg.jp/,中部地方,愛知県,刈谷市
http://www.city.toyota.aichi.jp/,中部地方,愛知県,豊田市
http://www.city.anjo.aichi.jp/,中部地方,愛知県,安城市
http://www.city.nishio.aichi.jp/,中部地方,愛知県,西尾市
http://www.city.gamagori.lg.jp/,中部地方,愛知県,蒲郡市
http://www.city.inuyama.aichi.jp/,中部地方,愛知県,犬山市
http://www.city.tokoname.aichi.jp/,中部地方,愛知県,常滑市
http://www.city.konan.lg.jp/,中部地方,愛知県,江南市
http://www.city.komaki.aichi.jp/,中部地方,愛知県,小牧市
http://www.city.inazawa.aichi.jp/,中部地方,愛知県,稲沢市
http://www.city.shinshiro.lg.jp/,中部地方,愛知県,新城市
http://www.city.tokai.aichi.jp/,中部地方,愛知県,東海市
http://www.city.obu.aichi.jp/,中部地方,愛知県,大府市
http://www.city.chita.lg.jp/,中部地方,愛知県,知多市
http://www.city.chiryu.aichi.jp/,中部地方,愛知県,知立市
http://www.city.owariasahi.lg.jp/,中部地方,愛知県,尾張旭市
http://www.city.takahama.lg.jp/,中部地方,愛知県,高浜市
http://www.city.iwakura.aichi.jp/,中部地方,愛知県,岩倉市
http://www.city.toyoake.lg.jp/,中部地方,愛知県,豊明市
http://www.city.nisshin.lg.jp/,中部地方,愛知県,日進市
http://www.city.tahara.aichi.jp/,中部地方,愛知県,田原市
http://www.city.aisai.lg.jp/,中部地方,愛知県,愛西市
http://www.city.kiyosu.aichi.jp/,中部地方,愛知県,清須市
http://www.city.kitanagoya.lg.jp/,中部地方,愛知県,北名古屋市
http://www.city.yatomi.lg.jp/,中部地方,愛知県,弥富市
http://www.city.aichi-miyoshi.lg.jp/,中部地方,愛知県,みよし市
http://www.city.ama.aichi.jp/,中部地方,愛知県,あま市
http://www.city.nagakute.lg.jp/,中部地方,愛知県,長久手市
http://www.town.aichi-togo.lg.jp/,中部地方,愛知県,東郷町
http://www.town.toyoyama.lg.jp/,中部地方,愛知県,豊山町
http://www.town.oguchi.aichi.jp/,中部地方,愛知県,大口町
http://www.town.fuso.lg.jp/,中部地方,愛知県,扶桑町
http://www.town.oharu.aichi.jp/,中部地方,愛知県,大治町
http://www.town.kanie.aichi.jp/,中部地方,愛知県,蟹江町
http://www.vill.tobishima.aichi.jp/,中部地方,愛知県,飛島村
http://www.town.agui.lg.jp/,中部地方,愛知県,阿久比町
http://www.town.aichi-higashiura.lg.jp/,中部地方,愛知県,東浦町
http://www.town.minamichita.lg.jp/,中部地方,愛知県,南知多町
http://www.town.aichi-mihama.lg.jp/,中部地方,愛知県,美浜町
http://www.town.taketoyo.lg.jp/,中部地方,愛知県,武豊町
http://www.town.kota.lg.jp/,中部地方,愛知県,幸田町
http://www.town.shitara.lg.jp/,中部地方,愛知県,設楽町
http://www.town.toei.aichi.jp/,中部地方,愛知県,東栄町
http://www.vill.toyone.aichi.jp/,中部地方,愛知県,豊根村
http://www.info.city.tsu.mie.jp/,近畿地方,三重県,津市
http://www.city.yokkaichi.mie.jp/,近畿地方,三重県,四日市市
http://www.city.ise.mie.jp/,近畿地方,三重県,伊勢市
http://www.city.matsusaka.mie.jp/,近畿地方,三重県,松阪市
http://www.city.kuwana.lg.jp/,近畿地方,三重県,桑名市
http://www.city.suzuka.lg.jp/,近畿地方,三重県,鈴鹿市
http://www.city.nabari.lg.jp/,近畿地方,三重県,名張市
http://www.city.owase.lg.jp/,近畿地方,三重県,尾鷲市
http://www.city.kameyama.mie.jp/,近畿地方,三重県,亀山市
http://www.city.toba.mie.jp/,近畿地方,三重県,鳥羽市
http://www.city.kumano.mie.jp/,近畿地方,三重県,熊野市
http://www.city.inabe.mie.jp/,近畿地方,三重県,いなべ市
http://www.city.shima.mie.jp/,近畿地方,三重県,志摩市
http://www.city.iga.lg.jp/,近畿地方,三重県,伊賀市
http://www.town.kisosaki.lg.jp/,近畿地方,三重県,木曽岬町
http://www.town.toin.lg.jp/,近畿地方,三重県,東員町
http://www2.town.komono.mie.jp/,近畿地方,三重県,菰野町
http://www.town.asahi.mie.jp/,近畿地方,三重県,朝日町
http://www.town.kawagoe.mie.jp/,近畿地方,三重県,川越町
http://www.town.taki.mie.jp/,近畿地方,三重県,多気町
http://www.town.meiwa.mie.jp/,近畿地方,三重県,明和町
http://www.odaitown.jp/,近畿地方,三重県,大台町
https://kizuna.town.tamaki.mie.jp/,近畿地方,三重県,玉城町
http://www.town.watarai.lg.jp/,近畿地方,三重県,度会町
http://www.town.taiki.mie.jp/,近畿地方,三重県,大紀町
http://www.town.minamiise.mie.jp/,近畿地方,三重県,南伊勢町
http://www.town.mie-kihoku.lg.jp/,近畿地方,三重県,紀北町
http://www.town.mihama.mie.jp/,近畿地方,三重県,御浜町
http://www.town.kiho.lg.jp/,近畿地方,三重県,紀宝町
http://www.city.otsu.lg.jp/,近畿地方,滋賀県,大津市
https://www.city.hikone.lg.jp/,近畿地方,滋賀県,彦根市
http://www.city.nagahama.lg.jp/,近畿地方,滋賀県,長浜市
https://www.city.omihachiman.lg.jp/,近畿地方,滋賀県,近江八幡市
http://www.city.kusatsu.shiga.jp/,近畿地方,滋賀県,草津市
http://www.city.moriyama.lg.jp/,近畿地方,滋賀県,守山市
http://www.city.ritto.lg.jp/,近畿地方,滋賀県,栗東市
http://www.city.koka.lg.jp/,近畿地方,滋賀県,甲賀市
http://www.city.yasu.lg.jp/,近畿地方,滋賀県,野洲市
http://www.city.konan.shiga.jp/,近畿地方,滋賀県,湖南市
http://www.city.takashima.shiga.jp/,近畿地方,滋賀県,高島市
http://www.city.higashiomi.shiga.jp/,近畿地方,滋賀県,東近江市
http://www.city.maibara.lg.jp/,近畿地方,滋賀県,米原市
http://www.town.shiga-hino.lg.jp/,近畿地方,滋賀県,日野町
http://www.town.ryuoh.shiga.jp/,近畿地方,滋賀県,竜王町
http://www.town.aisho.shiga.jp/,近畿地方,滋賀県,愛荘町
http://www.town.toyosato.shiga.jp/,近畿地方,滋賀県,豊郷町
http://www.kouratown.jp/,近畿地方,滋賀県,甲良町
https://www.town.taga.lg.jp/,近畿地方,滋賀県,多賀町
http://www.city.kyoto.lg.jp/,近畿地方,京都府,京都市
http://www.city.kyoto.lg.jp/kita/index.html,近畿地方,京都府,京都市北区
http://www.city.kyoto.lg.jp/kamigyo/index.html,近畿地方,京都府,京都市上京区
http://www.city.kyoto.lg.jp/sakyo/index.html,近畿地方,京都府,京都市左京区
http://www.city.kyoto.lg.jp/nakagyo/index.html,近畿地方,京都府,京都市中京区
http://www.city.kyoto.lg.jp/higasiyama/index.html,近畿地方,京都府,京都市東山区
http://www.city.kyoto.lg.jp/shimogyo/index.html,近畿地方,京都府,京都市下京区
http://www.city.kyoto.lg.jp/minami/index.html,近畿地方,京都府,京都市南区
http://www.city.kyoto.lg.jp/ukyo/index.html,近畿地方,京都府,京都市右京区
http://www.city.kyoto.lg.jp/fushimi/index.html,近畿地方,京都府,京都市伏見区
http://www.city.kyoto.lg.jp/yamasina/index.html,近畿地方,京都府,京都市山科区
http://www.city.kyoto.lg.jp/nisikyo/index.html,近畿地方,京都府,京都市西京区
https://www.city.fukuchiyama.lg.jp/,近畿地方,京都府,福知山市
http://www.city.maizuru.kyoto.jp/,近畿地方,京都府,舞鶴市
http://www.city.ayabe.lg.jp/,近畿地方,京都府,綾部市
http://www.city.uji.kyoto.jp/,近畿地方,京都府,宇治市
http://www.city.miyazu.kyoto.jp/,近畿地方,京都府,宮津市
http://www.city.kameoka.kyoto.jp/,近畿地方,京都府,亀岡市
http://www.city.joyo.kyoto.jp/,近畿地方,京都府,城陽市
http://www.city.muko.kyoto.jp/,近畿地方,京都府,向日市
http://www.city.nagaokakyo.lg.jp/,近畿地方,京都府,長岡京市
http://www.city.yawata.kyoto.jp/,近畿地方,京都府,八幡市
http://www.kyotanabe.jp/,近畿地方,京都府,京田辺市
http://www.city.kyotango.lg.jp/,近畿地方,京都府,京丹後市
http://www.city.nantan.kyoto.jp/www/,近畿地方,京都府,南丹市
http://www.city.kizugawa.lg.jp/,近畿地方,京都府,木津川市
http://www.town.oyamazaki.kyoto.jp/,近畿地方,京都府,大山崎町
http://www.town.kumiyama.lg.jp/,近畿地方,京都府,久御山町
http://www.town.ide.kyoto.jp/,近畿地方,京都府,井手町
http://www.town.ujitawara.kyoto.jp/,近畿地方,京都府,宇治田原町
http://www.town.kasagi.lg.jp/,近畿地方,京都府,笠置町
http://www.town.wazuka.kyoto.jp/,近畿地方,京都府,和束町
http://www.town.seika.kyoto.jp/,近畿地方,京都府,精華町
http://www.vill.minamiyamashiro.lg.jp/,近畿地方,京都府,南山城村
http://www.town.kyotamba.kyoto.jp/,近畿地方,京都府,京丹波町
http://www.town.ine.kyoto.jp/,近畿地方,京都府,伊根町
http://www.town-yosano.jp/,近畿地方,京都府,与謝野町
http://www.city.osaka.lg.jp/,近畿地方,大阪府,大阪市
http://www.city.osaka.lg.jp/miyakojima/,近畿地方,大阪府,大阪市都島区
http://www.city.osaka.lg.jp/fukushima/,近畿地方,大阪府,大阪市福島区
http://www.city.osaka.lg.jp/konohana/,近畿地方,大阪府,大阪市此花区
http://www.city.osaka.lg.jp/nishi/,近畿地方,大阪府,大阪市西区
http://www.city.osaka.lg.jp/minato/,近畿地方,大阪府,大阪市港区
http://www.city.osaka.lg.jp/taisho/,近畿地方,大阪府,大阪市大正区
http://www.city.osaka.lg.jp/tennoji/,近畿地方,大阪府,大阪市天王寺区
http://www.city.osaka.lg.jp/naniwa/,近畿地方,大阪府,大阪市浪速区
http://www.city.osaka.lg.jp/nishiyodogawa/,近畿地方,大阪府,大阪市西淀川区
http://www.city.osaka.lg.jp/higashiyodogawa/,近畿地方,大阪府,大阪市東淀川区
http://www.city.osaka.lg.jp/higashinari/,近畿地方,大阪府,大阪市東成区
http://www.city.osaka.lg.jp/ikuno/,近畿地方,大阪府,大阪市生野区
http://www.city.osaka.lg.jp/asahi/,近畿地方,大阪府,大阪市旭区
http://www.city.osaka.lg.jp/joto/,近畿地方,大阪府,大阪市城東区
http://www.city.osaka.lg.jp/abeno/,近畿地方,大阪府,大阪市阿倍野区
http://www.city.osaka.lg.jp/sumiyoshi/,近畿地方,大阪府,大阪市住吉区
http://www.city.osaka.lg.jp/higashisumiyoshi/,近畿地方,大阪府,大阪市東住吉区
http://www.city.osaka.lg.jp/nishinari/,近畿地方,大阪府,大阪市西成区
http://www.city.osaka.lg.jp/yodogawa/,近畿地方,大阪府,大阪市淀川区
http://www.city.osaka.lg.jp/tsurumi/,近畿地方,大阪府,大阪市鶴見区
http://www.city.osaka.lg.jp/suminoe/,近畿地方,大阪府,大阪市住之江区
http://www.city.osaka.lg.jp/hirano/,近畿地方,大阪府,大阪市平野区
http://www.city.osaka.lg.jp/kita/,近畿地方,大阪府,大阪市北区
http://www.city.osaka.lg.jp/chuo/,近畿地方,大阪府,大阪市中央区
http://www.city.sakai.lg.jp/,近畿地方,大阪府,堺市
http://www.city.sakai.lg.jp/sakai/index.html,近畿地方,大阪府,堺市堺区
http://www.city.sakai.lg.jp/naka/index.html,近畿地方,大阪府,堺市中区
http://www.city.sakai.lg.jp/higashi/index.html,近畿地方,大阪府, 堺市東区
http://www.city.sakai.lg.jp/nishi/index.html,近畿地方,大阪府,堺市西区
http://www.city.sakai.lg.jp/minami/index.html,近畿地方,大阪府,堺市南区
http://www.city.sakai.lg.jp/kita/index.html,近畿地方,大阪府,堺市北区
http://www.city.sakai.lg.jp/mihara/index.html,近畿地方,大阪府,堺市美原区
http://www.city.kishiwada.osaka.jp/,近畿地方,大阪府,岸和田市
http://www.city.toyonaka.osaka.jp/,近畿地方,大阪府,豊中市
http://www.city.ikeda.osaka.jp/,近畿地方,大阪府,池田市
http://www.city.suita.osaka.jp/,近畿地方,大阪府,吹田市
http://www.city.izumiotsu.lg.jp/,近畿地方,大阪府,泉大津市
http://www.city.takatsuki.osaka.jp/,近畿地方,大阪府,高槻市
http://www.city.kaizuka.lg.jp/,近畿地方,大阪府,貝塚市
http://www.city.moriguchi.osaka.jp/,近畿地方,大阪府,守口市
http://www.city.hirakata.osaka.jp/,近畿地方,大阪府,枚方市
http://www.city.ibaraki.osaka.jp/,近畿地方,大阪府,茨木市
http://www.city.yao.osaka.jp/,近畿地方,大阪府,八尾市
http://www.city.izumisano.lg.jp/,近畿地方,大阪府,泉佐野市
http://www.city.tondabayashi.osaka.jp/,近畿地方,大阪府,富田林市
http://www.city.neyagawa.osaka.jp/,近畿地方,大阪府,寝屋川市
http://www.city.kawachinagano.lg.jp/,近畿地方,大阪府,河内長野市
http://www.city.matsubara.osaka.jp/,近畿地方,大阪府,松原市
http://www.city.daito.lg.jp/,近畿地方,大阪府,大東市
http://www.city.osaka-izumi.lg.jp/,近畿地方,大阪府,和泉市
http://www.city.minoh.lg.jp/,近畿地方,大阪府,箕面市
http://www.city.kashiwara.osaka.jp/,近畿地方,大阪府,柏原市
https://www.city.habikino.lg.jp/,近畿地方,大阪府,羽曳野市
http://www.city.kadoma.osaka.jp/,近畿地方,大阪府,門真市
http://www.city.settsu.osaka.jp/,近畿地方,大阪府,摂津市
http://www.city.takaishi.lg.jp/,近畿地方,大阪府,高石市
http://www.city.fujiidera.lg.jp/,近畿地方,大阪府,藤井寺市
http://www.city.higashiosaka.lg.jp/,近畿地方,大阪府,東大阪市
http://www.city.sennan.lg.jp/,近畿地方,大阪府,泉南市
http://www.city.shijonawate.lg.jp/,近畿地方,大阪府,四條畷市
http://www.city.katano.osaka.jp/,近畿地方,大阪府,交野市
http://www.city.osakasayama.osaka.jp/,近畿地方,大阪府,大阪狭山市
http://www.city.hannan.lg.jp/,近畿地方,大阪府,阪南市
http://www.shimamotocho.jp/,近畿地方,大阪府,島本町
http://www.town.toyono.osaka.jp/,近畿地方,大阪府,豊能町
http://www.town.nose.osaka.jp/,近畿地方,大阪府,能勢町
http://www.town.tadaoka.osaka.jp/,近畿地方,大阪府,忠岡町
http://www.town.kumatori.lg.jp/,近畿地方,大阪府,熊取町
http://www.town.tajiri.osaka.jp/,近畿地方,大阪府,田尻町
http://www.town.misaki.osaka.jp/,近畿地方,大阪府,岬町
http://www.town.taishi.osaka.jp/,近畿地方,大阪府,太子町
http://www.town.kanan.osaka.jp/,近畿地方,大阪府,河南町
http://www.vill.chihayaakasaka.osaka.jp/,近畿地方,大阪府,千早赤阪村
http://www.city.kobe.lg.jp/,近畿地方,兵庫県,神戸市
http://www.city.kobe.lg.jp/ward/kuyakusho/higashinada/,近畿地方,兵庫県,神戸市東灘区
http://www.city.kobe.lg.jp/ward/kuyakusho/nada/,近畿地方,兵庫県,神戸市灘区
http://www.city.kobe.lg.jp/ward/kuyakusho/hyogo/,近畿地方,兵庫県,神戸市兵庫区
http://www.city.kobe.lg.jp/ward/kuyakusho/nagata/,近畿地方,兵庫県,神戸市長田区
http://www.city.kobe.lg.jp/ward/kuyakusho/suma/,近畿地方,兵庫県,神戸市須磨区
http://www.city.kobe.lg.jp/ward/kuyakusho/tarumi/,近畿地方,兵庫県,神戸市垂水区
http://www.city.kobe.lg.jp/ward/kuyakusho/kita/,近畿地方,兵庫県,神戸市北区
http://www.city.kobe.lg.jp/ward/kuyakusho/chuou/,近畿地方,兵庫県,神戸市中央区
http://www.city.kobe.lg.jp/ward/kuyakusho/nishi/,近畿地方,兵庫県,神戸市西区
http://www.city.himeji.lg.jp/,近畿地方,兵庫県,姫路市
http://www.city.amagasaki.hyogo.jp/,近畿地方,兵庫県,尼崎市
http://www.city.akashi.lg.jp/,近畿地方,兵庫県,明石市
http://www.nishi.or.jp/,近畿地方,兵庫県,西宮市
http://www.city.sumoto.lg.jp/,近畿地方,兵庫県,洲本市
http://www.city.ashiya.lg.jp/,近畿地方,兵庫県,芦屋市
http://www.city.itami.lg.jp/,近畿地方,兵庫県,伊丹市
http://www.city.aioi.lg.jp/,近畿地方,兵庫県,相生市
http://www.city.toyooka.lg.jp/,近畿地方,兵庫県,豊岡市
http://www.city.kakogawa.lg.jp/,近畿地方,兵庫県,加古川市
http://www.city.ako.lg.jp/,近畿地方,兵庫県,赤穂市
http://www.city.nishiwaki.lg.jp/,近畿地方,兵庫県,西脇市
http://www.city.takarazuka.hyogo.jp/,近畿地方,兵庫県,宝塚市
http://www.city.miki.lg.jp/,近畿地方,兵庫県,三木市
http://www.city.takasago.lg.jp/,近畿地方,兵庫県,高砂市
http://www.city.kawanishi.hyogo.jp/,近畿地方,兵庫県,川西市
http://www.city.ono.hyogo.jp/,近畿地方,兵庫県,小野市
http://www.city.sanda.lg.jp/,近畿地方,兵庫県,三田市
http://www.city.kasai.hyogo.jp/,近畿地方,兵庫県,加西市
https://www.city.tambasasayama.ｌｇ.jp/,近畿地方,兵庫県,丹波篠山市
http://www.city.yabu.hyogo.jp/,近畿地方,兵庫県,養父市
http://www.city.tamba.lg.jp/,近畿地方,兵庫県,丹波市
http://www.city.minamiawaji.hyogo.jp/,近畿地方,兵庫県,南あわじ市
http://www.city.asago.hyogo.jp/,近畿地方,兵庫県,朝来市
http://www.city.awaji.lg.jp/,近畿地方,兵庫県,淡路市
http://www.city.shiso.lg.jp/,近畿地方,兵庫県,宍粟市
http://www.city.kato.lg.jp/,近畿地方,兵庫県,加東市
http://www.city.tatsuno.lg.jp/,近畿地方,兵庫県,たつの市
http://www.town.inagawa.lg.jp/,近畿地方,兵庫県,猪名川町
http://www.takacho.jp/,近畿地方,兵庫県,多可町
http://www.town.hyogo-inami.lg.jp/,近畿地方,兵庫県,稲美町
http://www.town.harima.lg.jp/,近畿地方,兵庫県,播磨町
https://www.town.ichikawa.lg.jp/,近畿地方,兵庫県,市川町
http://www.town.fukusaki.hyogo.jp/,近畿地方,兵庫県,福崎町
http://www.town.kamikawa.hyogo.jp/,近畿地方,兵庫県,神河町
http://www.town.hyogo-taishi.lg.jp/,近畿地方,兵庫県,太子町
http://www.town.kamigori.hyogo.jp/,近畿地方,兵庫県,上郡町
http://www.town.sayo.lg.jp/,近畿地方,兵庫県,佐用町
http://www.town.mikata-kami.lg.jp/,近畿地方,兵庫県,香美町
http://www.town.shinonsen.hyogo.jp/,近畿地方,兵庫県,新温泉町
http://www.city.nara.lg.jp/,近畿地方,奈良県,奈良市
http://www.city.yamatotakada.nara.jp/,近畿地方,奈良県,大和高田市
http://www.city.yamatokoriyama.nara.jp/,近畿地方,奈良県,大和郡山市
http://www.city.tenri.nara.jp/,近畿地方,奈良県,天理市
http://www.city.kashihara.nara.jp/,近畿地方,奈良県,橿原市
http://www.city.sakurai.lg.jp/,近畿地方,奈良県,桜井市
http://www.city.gojo.lg.jp/,近畿地方,奈良県,五條市
http://www.city.gose.nara.jp/,近畿地方,奈良県,御所市
http://www.city.ikoma.lg.jp/,近畿地方,奈良県,生駒市
http://www.city.kashiba.lg.jp/,近畿地方,奈良県,香芝市
http://www.city.katsuragi.nara.jp/,近畿地方,奈良県,葛城市
http://www.city.uda.nara.jp/,近畿地方,奈良県,宇陀市
http://www.vill.yamazoe.nara.jp/,近畿地方,奈良県,山添村
http://www.town.heguri.nara.jp/,近畿地方,奈良県,平群町
http://www.town.sango.nara.jp/,近畿地方,奈良県,三郷町
http://www.town.ikaruga.nara.jp/,近畿地方,奈良県,斑鳩町
http://www.town.ando.nara.jp/,近畿地方,奈良県,安堵町
http://www.town.nara-kawanishi.lg.jp/,近畿地方,奈良県,川西町
http://www.town.miyake.nara.jp/,近畿地方,奈良県,三宅町
http://www.town.tawaramoto.nara.jp/,近畿地方,奈良県,田原本町
http://www.vill.soni.nara.jp/,近畿地方,奈良県,曽爾村
http://www.vill.mitsue.nara.jp/,近畿地方,奈良県,御杖村
http://www.town.takatori.nara.jp/,近畿地方,奈良県,高取町
http://www.asukamura.jp/,近畿地方,奈良県,明日香村
http://www.town.kanmaki.nara.jp/,近畿地方,奈良県,上牧町
http://www.town.oji.nara.jp/,近畿地方,奈良県,王寺町
http://www.town.koryo.nara.jp/,近畿地方,奈良県,広陵町
http://www.town.kawai.nara.jp/,近畿地方,奈良県,河合町
http://www.town.yoshino.nara.jp/,近畿地方,奈良県,吉野町
http://www.town.oyodo.lg.jp/,近畿地方,奈良県,大淀町
http://www.town.shimoichi.lg.jp/,近畿地方,奈良県,下市町
http://www.vill.kurotaki.nara.jp/,近畿地方,奈良県,黒滝村
http://www.vill.tenkawa.nara.jp/,近畿地方,奈良県,天川村
http://www.vill.nosegawa.nara.jp/,近畿地方,奈良県,野迫川村
http://www.vill.totsukawa.lg.jp/,近畿地方,奈良県,十津川村
http://www.vill.shimokitayama.nara.jp/,近畿地方,奈良県,下北山村
http://vill.kamikitayama.nara.jp/,近畿地方,奈良県,上北山村
http://www.vill.kawakami.nara.jp/,近畿地方,奈良県,川上村
http://www.vill.higashiyoshino.nara.jp/,近畿地方,奈良県,東吉野村
http://www.city.wakayama.wakayama.jp/,近畿地方,和歌山県,和歌山市
http://www.city.kainan.wakayama.jp/,近畿地方,和歌山県,海南市
http://www.city.hashimoto.lg.jp/,近畿地方,和歌山県,橋本市
http://www.city.arida.lg.jp/,近畿地方,和歌山県,有田市
http://www.city.gobo.wakayama.jp/,近畿地方,和歌山県,御坊市
http://www.city.tanabe.lg.jp/,近畿地方,和歌山県,田辺市
http://www.city.shingu.lg.jp/,近畿地方,和歌山県,新宮市
http://www.city.kinokawa.lg.jp/,近畿地方,和歌山県,紀の川市
http://www.city.iwade.lg.jp/,近畿地方,和歌山県,岩出市
http://www.town.kimino.wakayama.jp/,近畿地方,和歌山県,紀美野町
http://www.town.katsuragi.wakayama.jp/,近畿地方,和歌山県,かつらぎ町
http://www.town.kudoyama.wakayama.jp/,近畿地方,和歌山県,九度山町
http://www.town.koya.wakayama.jp/,近畿地方,和歌山県,高野町
http://www.town.yuasa.wakayama.jp/,近畿地方,和歌山県,湯浅町
http://www.town.hirogawa.wakayama.jp/,近畿地方,和歌山県,広川町
http://www.town.aridagawa.lg.jp/,近畿地方,和歌山県,有田川町
http://www.town.mihama.wakayama.jp/,近畿地方,和歌山県,美浜町
http://www.town.wakayama-hidaka.lg.jp/,近畿地方,和歌山県,日高町
http://www.town.yura.wakayama.jp/,近畿地方,和歌山県,由良町
http://www.town.wakayama-inami.lg.jp/,近畿地方,和歌山県,印南町
http://www.town.minabe.lg.jp/,近畿地方,和歌山県,みなべ町
http://www.town.hidakagawa.lg.jp/,近畿地方,和歌山県,日高川町
http://www.town.shirahama.wakayama.jp/,近畿地方,和歌山県,白浜町
http://www.town.kamitonda.lg.jp/,近畿地方,和歌山県,上富田町
http://www.town.susami.lg.jp/,近畿地方,和歌山県,すさみ町
http://www.town.nachikatsuura.wakayama.jp/,近畿地方,和歌山県,那智勝浦町
http://www.town.taiji.lg.jp/,近畿地方,和歌山県,太地町
http://www.town.kozagawa.wakayama.jp/,近畿地方,和歌山県,古座川町
http://www.vill.kitayama.wakayama.jp/,近畿地方,和歌山県,北山村
http://www.town.kushimoto.wakayama.jp/,近畿地方,和歌山県,串本町
http://www.city.tottori.lg.jp/,中国地方,鳥取県,鳥取市
http://www.city.yonago.lg.jp/,中国地方,鳥取県,米子市
http://www.city.kurayoshi.lg.jp/,中国地方,鳥取県,倉吉市
http://www.city.sakaiminato.lg.jp/,中国地方,鳥取県,境港市
http://www.iwami.gr.jp/,中国地方,鳥取県,岩美町
http://www.town.wakasa.tottori.jp/,中国地方,鳥取県,若桜町
http://www1.town.chizu.tottori.jp/,中国地方,鳥取県,智頭町
http://www.town.yazu.tottori.jp/,中国地方,鳥取県,八頭町
http://www.town.misasa.tottori.jp/,中国地方,鳥取県,三朝町
http://www.yurihama.jp/,中国地方,鳥取県,湯梨浜町
http://www.town.kotoura.tottori.jp/,中国地方,鳥取県,琴浦町
http://www.e-hokuei.net/,中国地方,鳥取県,北栄町
http://www.hiezu.jp/,中国地方,鳥取県,日吉津村
http://www.daisen.jp/,中国地方,鳥取県,大山町
http://www.town.nanbu.tottori.jp/,中国地方,鳥取県,南部町
http://www.houki-town.jp/,中国地方,鳥取県,伯耆町
http://www.town.nichinan.lg.jp/,中国地方,鳥取県,日南町
http://www.town.hino.tottori.jp/,中国地方,鳥取県,日野町
http://www.town-kofu.jp/,中国地方,鳥取県,江府町
http://www.city.matsue.shimane.jp/,中国地方,島根県,松江市
http://www.city.hamada.shimane.jp/,中国地方,島根県,浜田市
http://www.city.izumo.shimane.jp/,中国地方,島根県,出雲市
http://www.city.masuda.lg.jp/,中国地方,島根県,益田市
http://www.city.ohda.lg.jp/,中国地方,島根県,大田市
http://www.city.yasugi.shimane.jp/,中国地方,島根県,安来市
http://www.city.gotsu.lg.jp/,中国地方,島根県,江津市
http://www.city.unnan.shimane.jp/,中国地方,島根県,雲南市
http://www.town.okuizumo.shimane.jp/,中国地方,島根県,奥出雲町
http://www.iinan.jp/,中国地方,島根県,飯南町
http://www.town.shimane-kawamoto.lg.jp/,中国地方,島根県,川本町
http://www.town.shimane-misato.lg.jp/,中国地方,島根県,美郷町
http://www.town.ohnan.lg.jp/,中国地方,島根県,邑南町
http://www.town.tsuwano.lg.jp/,中国地方,島根県,津和野町
http://www.town.yoshika.lg.jp/,中国地方,島根県,吉賀町
http://www.town.ama.shimane.jp/,中国地方,島根県,海士町
http://www.town.nishinoshima.shimane.jp/,中国地方,島根県,西ノ島町
http://www.vill.chibu.lg.jp/,中国地方,島根県,知夫村
http://www.town.okinoshima.shimane.jp/,中国地方,島根県,隠岐の島町
http://www.city.okayama.jp/,中国地方,岡山県,岡山市
http://www.city.okayama.jp/kitaku/index.html,中国地方,岡山県,岡山市北区
http://www.city.okayama.jp/nakaku/soumu/index.html,中国地方,岡山県,岡山市中区
http://www.city.okayama.jp/higashiku/soumu/index.html,中国地方,岡山県,岡山市東区
http://www.city.okayama.jp/minamiku/soumu/index.html,中国地方,岡山県,岡山市南区
http://www.city.kurashiki.okayama.jp/,中国地方,岡山県,倉敷市
https://www.city.tsuyama.lg.jp/,中国地方,岡山県,津山市
http://www.city.tamano.lg.jp/,中国地方,岡山県,玉野市
http://www.city.kasaoka.okayama.jp/,中国地方,岡山県,笠岡市
http://www.city.ibara.okayama.jp/,中国地方,岡山県,井原市
http://www.city.soja.okayama.jp/,中国地方,岡山県,総社市
http://www.city.takahashi.okayama.jp/,中国地方,岡山県,高梁市
http://www.city.niimi.okayama.jp/,中国地方,岡山県,新見市
http://www.city.bizen.okayama.jp/,中国地方,岡山県,備前市
http://www.city.setouchi.lg.jp/,中国地方,岡山県,瀬戸内市
http://www.city.akaiwa.lg.jp/,中国地方,岡山県,赤磐市
http://www.city.maniwa.lg.jp/,中国地方,岡山県,真庭市
http://www.city.mimasaka.lg.jp/,中国地方,岡山県,美作市
http://www.city.asakuchi.lg.jp/,中国地方,岡山県,浅口市
https://www.town.wake.lg.jp/,中国地方,岡山県,和気町
http://www.town.hayashima.lg.jp/,中国地方,岡山県,早島町
http://www.town.satosho.okayama.jp/,中国地方,岡山県,里庄町
http://www.town.yakage.okayama.jp/,中国地方,岡山県,矢掛町
http://www.vill.shinjo.okayama.jp/,中国地方,岡山県,新庄村
http://www.town.kagamino.lg.jp/,中国地方,岡山県,鏡野町
http://www.town.shoo.lg.jp/,中国地方,岡山県,勝央町
http://www.town.nagi.okayama.jp/,中国地方,岡山県,奈義町
http://www.vill.nishiawakura.okayama.jp/wp/,中国地方,岡山県,西粟倉村
https://www.town.kumenan.lg.jp/,中国地方,岡山県,久米南町
http://www.town.misaki.okayama.jp/,中国地方,岡山県,美咲町
http://www.town.kibichuo.lg.jp/,中国地方,岡山県,吉備中央町
http://www.city.hiroshima.lg.jp/,中国地方,広島県,広島市
https://www.city.hiroshima.lg.jp/site/nakaku/,中国地方,広島県,広島市中区
https://www.city.hiroshima.lg.jp/site/higashiku/,中国地方,広島県,広島市東区
https://www.city.hiroshima.lg.jp/site/minamiku/,中国地方,広島県,広島市南区
https://www.city.hiroshima.lg.jp/site/nishiku/,中国地方,広島県,広島市西区
https://www.city.hiroshima.lg.jp/site/asaminamiku/,中国地方,広島県,広島市安佐南区
https://www.city.hiroshima.lg.jp/site/asakitaku/,中国地方,広島県,広島市安佐北区
https://www.city.hiroshima.lg.jp/site/akiku/,中国地方,広島県,広島市安芸区
https://www.city.hiroshima.lg.jp/site/saekiku/,中国地方,広島県,広島市佐伯区
http://www.city.kure.lg.jp/,中国地方,広島県,呉市
http://www.city.takehara.lg.jp/,中国地方,広島県,竹原市
http://www.city.mihara.hiroshima.jp/,中国地方,広島県,三原市
http://www.city.onomichi.hiroshima.jp/,中国地方,広島県,尾道市
http://www.city.fukuyama.hiroshima.jp/,中国地方,広島県,福山市
http://www.city.fuchu.hiroshima.jp/,中国地方,広島県,府中市
http://www.city.miyoshi.hiroshima.jp/,中国地方,広島県,三次市
http://www.city.shobara.hiroshima.jp/,中国地方,広島県,庄原市
http://www.city.otake.hiroshima.jp/,中国地方,広島県,大竹市
https://www.city.higashihiroshima.lg.jp/,中国地方,広島県,東広島市
http://www.city.hatsukaichi.hiroshima.jp/,中国地方,広島県,廿日市市
http://www.akitakata.jp/,中国地方,広島県,安芸高田市
http://www.city.etajima.hiroshima.jp/,中国地方,広島県,江田島市
http://www.town.fuchu.hiroshima.jp/,中国地方,広島県,府中町
http://www.town.kaita.lg.jp/,中国地方,広島県,海田町
http://www.town.kumano.hiroshima.jp/,中国地方,広島県,熊野町
http://www.town.saka.lg.jp/,中国地方,広島県,坂町
http://www.akiota.jp/,中国地方,広島県,安芸太田町
http://www.town.kitahiroshima.lg.jp/,中国地方,広島県,北広島町
http://www.town.osakikamijima.hiroshima.jp/,中国地方,広島県,大崎上島町
http://www.town.sera.hiroshima.jp/,中国地方,広島県,世羅町
http://www.jinsekigun.jp/,中国地方,広島県,神石高原町
http://www.city.shimonoseki.lg.jp/,中国地方,山口県,下関市
http://www.city.ube.yamaguchi.jp/,中国地方,山口県,宇部市
http://www.city.yamaguchi.lg.jp/,中国地方,山口県,山口市
http://www.city.hagi.lg.jp/,中国地方,山口県,萩市
http://www.city.hofu.yamaguchi.jp/,中国地方,山口県,防府市
http://www.city.kudamatsu.lg.jp/,中国地方,山口県,下松市
http://www.city.iwakuni.lg.jp/,中国地方,山口県,岩国市
http://www.city.hikari.lg.jp/,中国地方,山口県,光市
http://www.city.nagato.yamaguchi.jp/,中国地方,山口県,長門市
http://www.city-yanai.jp/,中国地方,山口県,柳井市
http://www2.city.mine.lg.jp/,中国地方,山口県,美祢市
http://www.city.shunan.lg.jp/,中国地方,山口県,周南市
http://www.city.sanyo-onoda.lg.jp/,中国地方,山口県,山陽小野田市
http://www.town.suo-oshima.lg.jp/,中国地方,山口県,周防大島町
http://www.town.waki.lg.jp/,中国地方,山口県,和木町
http://www.town.kaminoseki.lg.jp/,中国地方,山口県,上関町
http://www.town.tabuse.lg.jp/,中国地方,山口県,田布施町
http://www.town.hirao.lg.jp/,中国地方,山口県,平生町
http://www.town.abu.lg.jp/,中国地方,山口県,阿武町
http://www.city.tokushima.tokushima.jp/,四国地方,徳島県,徳島市
http://www.city.naruto.tokushima.jp/,四国地方,徳島県,鳴門市
https://www.city.komatsushima.lg.jp/,四国地方,徳島県,小松島市
http://www.city.anan.tokushima.jp/,四国地方,徳島県,阿南市
http://www.city.yoshinogawa.lg.jp/,四国地方,徳島県,吉野川市
http://www.city.awa.lg.jp/,四国地方,徳島県,阿波市
http://www.city.mima.lg.jp/,四国地方,徳島県,美馬市
https://www.miyoshi.i-tokushima.jp/,四国地方,徳島県,三好市
http://www.town.katsuura.lg.jp/,四国地方,徳島県,勝浦町
http://www.kamikatsu.jp/,四国地方,徳島県,上勝町
http://www.vill.sanagochi.lg.jp/,四国地方,徳島県,佐那河内村
http://www.town.ishii.lg.jp/,四国地方,徳島県,石井町
http://www.town.kamiyama.lg.jp/,四国地方,徳島県,神山町
http://www.town.tokushima-naka.lg.jp/,四国地方,徳島県,那賀町
http://www.town.tokushima-mugi.lg.jp/,四国地方,徳島県,牟岐町
https://www.town.minami.lg.jp/,四国地方,徳島県,美波町
http://www.town.kaiyo.lg.jp/,四国地方,徳島県,海陽町
http://www.town.matsushige.tokushima.jp/,四国地方,徳島県,松茂町
http://www.town.kitajima.lg.jp/,四国地方,徳島県,北島町
http://www.town.aizumi.tokushima.jp/,四国地方,徳島県,藍住町
http://www.town.itano.tokushima.jp/,四国地方,徳島県,板野町
http://www.townkamiita.jp/,四国地方,徳島県,上板町
http://www.town.tokushima-tsurugi.lg.jp/,四国地方,徳島県,つるぎ町
http://www.town.higashimiyoshi.lg.jp/,四国地方,徳島県,東みよし町
http://www.city.takamatsu.kagawa.jp/,四国地方,香川県,高松市
http://www.city.marugame.lg.jp/,四国地方,香川県,丸亀市
http://www.city.sakaide.lg.jp/,四国地方,香川県,坂出市
http://www.city.zentsuji.kagawa.jp/,四国地方,香川県,善通寺市
http://www.city.kanonji.kagawa.jp/,四国地方,香川県,観音寺市
http://www.city.sanuki.kagawa.jp/,四国地方,香川県,さぬき市
http://www.higashikagawa.jp/,四国地方,香川県,東かがわ市
http://www.city.mitoyo.lg.jp/,四国地方,香川県,三豊市
http://www.town.tonosho.kagawa.jp/,四国地方,香川県,土庄町
http://www.town.shodoshima.lg.jp/,四国地方,香川県,小豆島町
http://www.town.miki.lg.jp/,四国地方,香川県,三木町
http://www.town.naoshima.lg.jp/,四国地方,香川県,直島町
http://town.utazu.kagawa.jp/,四国地方,香川県,宇多津町
http://www.town.ayagawa.kagawa.jp/,四国地方,香川県,綾川町
http://www.town.kotohira.kagawa.jp/,四国地方,香川県,琴平町
http://www.town.tadotsu.kagawa.jp/,四国地方,香川県,多度津町
http://www.town.manno.lg.jp/,四国地方,香川県,まんのう町
http://www.city.matsuyama.ehime.jp/,四国地方,愛媛県,松山市
http://www.city.imabari.ehime.jp/,四国地方,愛媛県,今治市
http://www.city.uwajima.ehime.jp/,四国地方,愛媛県,宇和島市
http://www.city.yawatahama.ehime.jp/,四国地方,愛媛県,八幡浜市
http://www.city.niihama.lg.jp/,四国地方,愛媛県,新居浜市
http://www.city.saijo.ehime.jp/,四国地方,愛媛県,西条市
http://www.city.ozu.ehime.jp/,四国地方,愛媛県,大洲市
http://www.city.iyo.lg.jp/,四国地方,愛媛県,伊予市
https://www.city.shikokuchuo.ehime.jp/,四国地方,愛媛県,四国中央市
http://www.city.seiyo.ehime.jp/,四国地方,愛媛県,西予市
http://www.city.toon.ehime.jp/,四国地方,愛媛県,東温市
http://www.town.kamijima.lg.jp/,四国地方,愛媛県,上島町
https://www.kumakogen.jp/,四国地方,愛媛県,久万高原町
http://www.town.masaki.ehime.jp/,四国地方,愛媛県,松前町
http://www.town.tobe.ehime.jp/,四国地方,愛媛県,砥部町
http://www.town.uchiko.ehime.jp/,四国地方,愛媛県,内子町
http://www.town.ikata.ehime.jp/,四国地方,愛媛県,伊方町
http://www.town.matsuno.ehime.jp/,四国地方,愛媛県,松野町
http://www.town.kihoku.ehime.jp/,四国地方,愛媛県,鬼北町
http://www.town.ainan.ehime.jp/,四国地方,愛媛県,愛南町
http://www.city.kochi.kochi.jp/,四国地方,高知県,高知市
http://www.city.muroto.kochi.jp/,四国地方,高知県,室戸市
http://www.city.aki.kochi.jp/,四国地方,高知県,安芸市
http://www.city.nankoku.lg.jp/,四国地方,高知県,南国市
http://www.city.tosa.lg.jp/,四国地方,高知県,土佐市
http://www.city.susaki.lg.jp/,四国地方,高知県,須崎市
http://www.city.sukumo.kochi.jp/,四国地方,高知県,宿毛市
https://www.city.tosashimizu.kochi.jp/,四国地方,高知県,土佐清水市
http://www.city.shimanto.lg.jp/,四国地方,高知県,四万十市
http://www.city.kochi-konan.lg.jp/,四国地方,高知県,香南市
http://www.city.kami.lg.jp/,四国地方,高知県,香美市
http://www.town.toyo.kochi.jp/,四国地方,高知県,東洋町
http://www.town.nahari.kochi.jp/,四国地方,高知県,奈半利町
http://www.chugei.or.jp/tano/,四国地方,高知県,田野町
http://www.town.yasuda.kochi.jp/,四国地方,高知県,安田町
http://www.kitagawamura.jp/,四国地方,高知県,北川村
http://www.vill.umaji.kochi.jp/html/index.htm,四国地方,高知県,馬路村
http://www.vill.geisei.kochi.jp/,四国地方,高知県,芸西村
http://www.town.motoyama.kochi.jp/,四国地方,高知県,本山町
http://www.town.otoyo.kochi.jp/,四国地方,高知県,大豊町
http://www.town.tosa.kochi.jp/,四国地方,高知県,土佐町
http://www.vill.okawa.kochi.jp/,四国地方,高知県,大川村
http://www.town.ino.kochi.jp/,四国地方,高知県,いの町
http://www.town.niyodogawa.lg.jp/,四国地方,高知県,仁淀川町
http://www.town.nakatosa.lg.jp/,四国地方,高知県,中土佐町
http://www.town.sakawa.lg.jp/,四国地方,高知県,佐川町
http://www.town.ochi.kochi.jp/,四国地方,高知県,越知町
http://www.town.yusuhara.kochi.jp/,四国地方,高知県,檮原町
http://www.vill.hidaka.kochi.jp/,四国地方,高知県,日高村
https://town.kochi-tsuno.lg.jp/,四国地方,高知県,津野町
http://www.town.shimanto.lg.jp/,四国地方,高知県,四万十町
http://www.town.otsuki.kochi.jp/,四国地方,高知県,大月町
http://www.vill.mihara.kochi.jp/,四国地方,高知県,三原村
http://www.town.kuroshio.lg.jp/,四国地方,高知県,黒潮町
http://www.city.kitakyushu.lg.jp/,九州地方,福岡県,北九州市
http://www.city.kitakyushu.lg.jp/moji/index.html,九州地方,福岡県,北九州市門司区
http://www.city.kitakyushu.lg.jp/wakamatsu/index.html,九州地方,福岡県,北九州市若松区
http://www.city.kitakyushu.lg.jp/tobata/index.html,九州地方,福岡県,北九州市戸畑区
http://www.city.kitakyushu.lg.jp/kokurakita/index.html,九州地方,福岡県,北九州市小倉北区
http://www.city.kitakyushu.lg.jp/kokuraminami/index.html,九州地方,福岡県,北九州市小倉南区
http://www.city.kitakyushu.lg.jp/yahatahigashi/index.html,九州地方,福岡県,北九州市八幡東区
http://www.city.kitakyushu.lg.jp/yahatanishi/index.html,九州地方,福岡県,北九州市八幡西区
http://www.city.fukuoka.lg.jp/,九州地方,福岡県,福岡市
http://www.city.fukuoka.lg.jp/higashi/index.html,九州地方,福岡県,福岡市東区
http://www.city.fukuoka.lg.jp/hakata/index.html,九州地方,福岡県,福岡市博多区
http://www.city.fukuoka.lg.jp/chuo/index.html,九州地方,福岡県,福岡市中央区
https://www.city.fukuoka.lg.jp/minami/,九州地方,福岡県,福岡市南区
http://www.city.fukuoka.lg.jp/nishi/index.html,九州地方,福岡県,福岡市西区
http://www.city.fukuoka.lg.jp/jonan/index.html,九州地方,福岡県,福岡市城南区
http://www.city.fukuoka.lg.jp/sawara/index.html,九州地方,福岡県,福岡市早良区
http://www.city.omuta.lg.jp/,九州地方,福岡県,大牟田市
http://www.city.kurume.fukuoka.jp/,九州地方,福岡県,久留米市
http://www.city.nogata.fukuoka.jp/,九州地方,福岡県,直方市
http://www.city.iizuka.lg.jp/,九州地方,福岡県,飯塚市
http://www.joho.tagawa.fukuoka.jp/,九州地方,福岡県,田川市
https://www.city.yanagawa.fukuoka.jp/,九州地方,福岡県,柳川市
http://www.city.yame.fukuoka.jp/,九州地方,福岡県,八女市
http://www.city.chikugo.lg.jp/,九州地方,福岡県,筑後市
http://www.city.okawa.lg.jp/,九州地方,福岡県,大川市
http://www.city.yukuhashi.lg.jp/,九州地方,福岡県,行橋市
http://www.city.buzen.lg.jp/,九州地方,福岡県,豊前市
http://www.city.nakama.lg.jp/,九州地方,福岡県,中間市
http://www.city.ogori.fukuoka.jp/,九州地方,福岡県,小郡市
http://www.city.chikushino.fukuoka.jp/,九州地方,福岡県,筑紫野市
https://www.city.kasuga.fukuoka.jp/,九州地方,福岡県,春日市
http://www.city.onojo.fukuoka.jp/,九州地方,福岡県,大野城市
http://www.city.munakata.lg.jp/,九州地方,福岡県,宗像市
http://www.city.dazaifu.lg.jp/,九州地方,福岡県,太宰府市
http://www.city.koga.fukuoka.jp/,九州地方,福岡県,古賀市
http://www.city.fukutsu.lg.jp/,九州地方,福岡県,福津市
http://www.city.ukiha.fukuoka.jp/,九州地方,福岡県,うきは市
http://www.city.miyawaka.lg.jp/,九州地方,福岡県,宮若市
http://www.city.kama.lg.jp/,九州地方,福岡県,嘉麻市
http://www.city.asakura.lg.jp/,九州地方,福岡県,朝倉市
http://www.city.miyama.lg.jp/,九州地方,福岡県,みやま市
http://www.city.itoshima.lg.jp/,九州地方,福岡県,糸島市
http://www.city.nakagawa.lg.jp/,九州地方,福岡県,那珂川市
http://www.town.umi.lg.jp/,九州地方,福岡県,宇美町
http://www.town.sasaguri.fukuoka.jp/,九州地方,福岡県,篠栗町
http://www.town.shime.lg.jp/,九州地方,福岡県,志免町
http://www.town.sue.fukuoka.jp/,九州地方,福岡県,須恵町
http://www.town.shingu.fukuoka.jp/,九州地方,福岡県,新宮町
http://www.town.hisayama.fukuoka.jp/,九州地方,福岡県,久山町
http://www.town.kasuya.fukuoka.jp/,九州地方,福岡県,粕屋町
http://www.town.ashiya.lg.jp/,九州地方,福岡県,芦屋町
http://www.town.mizumaki.lg.jp/,九州地方,福岡県,水巻町
http://www.town.okagaki.lg.jp/,九州地方,福岡県,岡垣町
http://www.town.onga.lg.jp/,九州地方,福岡県,遠賀町
http://town.kotake.lg.jp/,九州地方,福岡県,小竹町
http://www.town.kurate.lg.jp/,九州地方,福岡県,鞍手町
http://www.town.keisen.fukuoka.jp/,九州地方,福岡県,桂川町
http://www.town.chikuzen.fukuoka.jp/,九州地方,福岡県,筑前町
http://vill.toho-info.com/,九州地方,福岡県,東峰村
http://www.town.tachiarai.fukuoka.jp/,九州地方,福岡県,大刀洗町
http://www.town.ooki.lg.jp/,九州地方,福岡県,大木町
http://www.town.hirokawa.fukuoka.jp/,九州地方,福岡県,広川町
http://www.town.kawara.fukuoka.jp/,九州地方,福岡県,香春町
https://www.town.soeda.fukuoka.jp/,九州地方,福岡県,添田町
http://www.town.itoda.lg.jp/,九州地方,福岡県,糸田町
http://www.town-kawasaki.com/,九州地方,福岡県,川崎町
http://www.town.oto.fukuoka.jp/,九州地方,福岡県,大任町
http://www.akamura.net/,九州地方,福岡県,赤村
http://www.town.fukuchi.lg.jp/,九州地方,福岡県,福智町
http://www.town.kanda.lg.jp/,九州地方,福岡県,苅田町
http://www.town.miyako.lg.jp/,九州地方,福岡県,みやこ町
http://www.town.yoshitomi.lg.jp/,九州地方,福岡県,吉富町
http://www.town.koge.lg.jp/,九州地方,福岡県,上毛町
http://www.town.chikujo.fukuoka.jp/,九州地方,福岡県,築上町
https://www.city.saga.lg.jp/,九州地方,佐賀県,佐賀市
http://www.city.karatsu.lg.jp/,九州地方,佐賀県,唐津市
http://www.city.tosu.lg.jp/,九州地方,佐賀県,鳥栖市
https://www.city.taku.lg.jp/,九州地方,佐賀県,多久市
http://www.city.imari.saga.jp/,九州地方,佐賀県,伊万里市
http://www.city.takeo.lg.jp/,九州地方,佐賀県,武雄市
http://www.city.saga-kashima.lg.jp/,九州地方,佐賀県,鹿島市
http://www.city.ogi.lg.jp/,九州地方,佐賀県,小城市
http://www.city.ureshino.lg.jp/,九州地方,佐賀県,嬉野市
http://www.city.kanzaki.saga.jp/,九州地方,佐賀県,神埼市
https://www.town.yoshinogari.lg.jp/,九州地方,佐賀県,吉野ヶ里町
http://www.town.kiyama.lg.jp/,九州地方,佐賀県,基山町
http://www.town.kamimine.lg.jp/,九州地方,佐賀県,上峰町
http://www.town.miyaki.lg.jp/,九州地方,佐賀県,みやき町
https://www.town.genkai.lg.jp/,九州地方,佐賀県,玄海町
http://www.town.arita.lg.jp/,九州地方,佐賀県,有田町
http://www.town.omachi.saga.jp/,九州地方,佐賀県,大町町
http://www.town.kouhoku.saga.jp/,九州地方,佐賀県,江北町
http://www.town.shiroishi.lg.jp/,九州地方,佐賀県,白石町
http://www.town.tara.lg.jp/,九州地方,佐賀県,太良町
http://www.city.nagasaki.lg.jp/,九州地方,長崎県,長崎市
http://www.city.sasebo.lg.jp/,九州地方,長崎県,佐世保市
http://www.city.shimabara.lg.jp/,九州地方,長崎県,島原市
http://www.city.isahaya.nagasaki.jp/,九州地方,長崎県,諫早市
http://www.city.omura.nagasaki.jp/,九州地方,長崎県,大村市
http://www.city.hirado.nagasaki.jp/,九州地方,長崎県,平戸市
http://www.city-matsuura.jp/,九州地方,長崎県,松浦市
http://www.city.tsushima.nagasaki.jp/,九州地方,長崎県,対馬市
http://www.city.iki.nagasaki.jp/,九州地方,長崎県,壱岐市
http://www.city.goto.nagasaki.jp/,九州地方,長崎県,五島市
http://www.city.saikai.nagasaki.jp/,九州地方,長崎県,西海市
http://www.city.unzen.nagasaki.jp/,九州地方,長崎県,雲仙市
http://www.city.minamishimabara.lg.jp/,九州地方,長崎県,南島原市
http://webtown.nagayo.jp/,九州地方,長崎県,長与町
http://www.town.togitsu.nagasaki.jp/,九州地方,長崎県,時津町
http://www.sonogi.jp/,九州地方,長崎県,東彼杵町
http://www.kawatana.jp/,九州地方,長崎県,川棚町
https://www.town.hasami.lg.jp/,九州地方,長崎県,波佐見町
http://ojika.net/,九州地方,長崎県,小値賀町
http://www.sazacho-nagasaki.jp/,九州地方,長崎県,佐々町
http://official.shinkamigoto.net/,九州地方,長崎県,新上五島町
http://www.city.kumamoto.jp/,九州地方,熊本県,熊本市
http://www.city.kumamoto.jp/chuo/default.aspx,九州地方,熊本県,熊本市中央区
http://www.city.kumamoto.jp/higashi/default.aspx,九州地方,熊本県,熊本市東区
http://www.city.kumamoto.jp/nishi/default.aspx,九州地方,熊本県,  熊本市西区
http://www.city.kumamoto.jp/minami/default.aspx,九州地方,熊本県,熊本市南区
http://www.city.kumamoto.jp/kita/default.aspx,九州地方,熊本県,熊本市北区
http://www.city.yatsushiro.lg.jp/,九州地方,熊本県,八代市
http://www.city.hitoyoshi.lg.jp/,九州地方,熊本県,人吉市
http://www.city.arao.lg.jp/,九州地方,熊本県,荒尾市
http://www.city.minamata.lg.jp/,九州地方,熊本県,水俣市
http://www.city.tamana.lg.jp/,九州地方,熊本県,玉名市
http://www.city.yamaga.kumamoto.jp/,九州地方,熊本県,山鹿市
http://www.city.kikuchi.lg.jp/,九州地方,熊本県,菊池市
https://www.city.uto.lg.jp/,九州地方,熊本県,宇土市
http://www.city.kamiamakusa.kumamoto.jp/,九州地方,熊本県,上天草市
http://www.city.uki.kumamoto.jp/,九州地方,熊本県,宇城市
http://www.city.aso.kumamoto.jp/,九州地方,熊本県,阿蘇市
http://www.city.amakusa.kumamoto.jp/,九州地方,熊本県,天草市
http://www.city.koshi.lg.jp/,九州地方,熊本県,合志市
http://www.town.kumamoto-misato.lg.jp/,九州地方,熊本県,美里町
http://www.town.gyokuto.kumamoto.jp/,九州地方,熊本県,玉東町
http://www.town.nankan.lg.jp/,九州地方,熊本県,南関町
http://www.town.nagasu.lg.jp/,九州地方,熊本県,長洲町
http://www.town.nagomi.lg.jp/,九州地方,熊本県,和水町
http://www.town.ozu.kumamoto.jp/,九州地方,熊本県,大津町
http://www.town.kikuyo.lg.jp/,九州地方,熊本県,菊陽町
https://www.town.minamioguni.lg.jp/top.html,九州地方,熊本県,南小国町
https://www.town.kumamoto-oguni.lg.jp/,九州地方,熊本県,小国町
http://www.ubuyama-v.jp/,九州地方,熊本県,産山村
http://www.town.takamori.kumamoto.jp/,九州地方,熊本県,高森町
http://www.vill.nishihara.kumamoto.jp/,九州地方,熊本県,西原村
http://www.vill.minamiaso.lg.jp/,九州地方,熊本県,南阿蘇村
http://www.town.mifune.kumamoto.jp/,九州地方,熊本県,御船町
https://www.town.kumamoto-kashima.lg.jp/,九州地方,熊本県,嘉島町
http://www.town.mashiki.lg.jp/,九州地方,熊本県,益城町
https://www.town.kosa.lg.jp/,九州地方,熊本県,甲佐町
http://www.town.kumamoto-yamato.lg.jp/,九州地方,熊本県,山都町
http://www.hikawacyou.hinokuni-net.jp/,九州地方,熊本県,氷川町
http://www.ashikita-t.kumamoto-sgn.jp/,九州地方,熊本県,芦北町
http://www.town.tsunagi.lg.jp/,九州地方,熊本県,津奈木町
http://www.nishiki-machi.com/,九州地方,熊本県,錦町
http://www.town.taragi.lg.jp/,九州地方,熊本県,多良木町
http://www.town.yunomae.lg.jp/,九州地方,熊本県,湯前町
http://www.vill.mizukami.lg.jp/,九州地方,熊本県,水上村
http://www.vill.sagara.lg.jp/,九州地方,熊本県,相良村
http://www.vill.itsuki.lg.jp/,九州地方,熊本県,五木村
http://www.vill.yamae.lg.jp/,九州地方,熊本県,山江村
http://www.kumamura.com/,九州地方,熊本県,球磨村
http://www.town.asagiri.lg.jp/,九州地方,熊本県,あさぎり町
http://reihoku-kumamoto.jp/,九州地方,熊本県,苓北町
http://www.city.oita.oita.jp/,九州地方,大分県,大分市
http://www.city.beppu.oita.jp/,九州地方,大分県,別府市
http://www.city-nakatsu.jp/,九州地方,大分県,中津市
http://www.city.hita.oita.jp/,九州地方,大分県,日田市
http://www.city.saiki.oita.jp/,九州地方,大分県,佐伯市
http://www.city.usuki.oita.jp/,九州地方,大分県,臼杵市
http://www.city.tsukumi.oita.jp/,九州地方,大分県,津久見市
http://www.city.taketa.oita.jp/,九州地方,大分県,竹田市
http://www.city.bungotakada.oita.jp/,九州地方,大分県,豊後高田市
http://www.city.kitsuki.lg.jp/,九州地方,大分県,杵築市
http://www.city.usa.oita.jp/,九州地方,大分県,宇佐市
http://www.bungo-ohno.jp/,九州地方,大分県,豊後大野市
http://www.city.yufu.oita.jp/,九州地方,大分県,由布市
http://www.city.kunisaki.oita.jp/,九州地方,大分県,国東市
http://www.himeshima.jp/,九州地方,大分県,姫島村
http://www.town.hiji.lg.jp/,九州地方,大分県,日出町
http://www.town.kokonoe.oita.jp/,九州地方,大分県,九重町
http://www.town.kusu.oita.jp/,九州地方,大分県,玖珠町
http://www.city.miyazaki.miyazaki.jp/,九州地方,宮崎県,宮崎市
http://www.city.miyakonojo.miyazaki.jp/,九州地方,宮崎県,都城市
http://www.city.nobeoka.miyazaki.jp/,九州地方,宮崎県,延岡市
http://www.city.nichinan.lg.jp/,九州地方,宮崎県,日南市
http://www.city.kobayashi.lg.jp/,九州地方,宮崎県,小林市
http://www.city.hyuga.miyazaki.jp/,九州地方,宮崎県,日向市
http://www.city.kushima.lg.jp/,九州地方,宮崎県,串間市
http://www.city.saito.lg.jp/,九州地方,宮崎県,西都市
http://www.city.ebino.lg.jp/,九州地方,宮崎県,えびの市
http://www.town.mimata.lg.jp/,九州地方,宮崎県,三股町
http://www.town.takaharu.lg.jp/,九州地方,宮崎県,高原町
http://www.town.kunitomi.miyazaki.jp/,九州地方,宮崎県,国富町
https://www.town.aya.miyazaki.jp/,九州地方,宮崎県,綾町
http://www.town.takanabe.lg.jp/,九州地方,宮崎県,高鍋町
http://www.town.shintomi.lg.jp/,九州地方,宮崎県,新富町
http://www.vill.nishimera.lg.jp/,九州地方,宮崎県,西米良村
http://www.kijo.jp/,九州地方,宮崎県,木城町
http://www.town.kawaminami.miyazaki.jp/,九州地方,宮崎県,川南町
http://www.town.tsuno.lg.jp/,九州地方,宮崎県,都農町
http://www.town.kadogawa.lg.jp/,九州地方,宮崎県,門川町
http://www.vill.morotsuka.miyazaki.jp/,九州地方,宮崎県,諸塚村
http://www.vill.shiiba.miyazaki.jp/,九州地方,宮崎県,椎葉村
http://www.town.miyazaki-misato.lg.jp/,九州地方,宮崎県,美郷町
http://www.town-takachiho.jp/,九州地方,宮崎県,高千穂町
http://www.town.hinokage.lg.jp/,九州地方,宮崎県,日之影町
http://www.town.gokase.miyazaki.jp/,九州地方,宮崎県,五ヶ瀬町
http://www.city.kagoshima.lg.jp/,九州地方,鹿児島県,鹿児島市
http://www.e-kanoya.net/,九州地方,鹿児島県,鹿屋市
http://www.city.makurazaki.lg.jp/,九州地方,鹿児島県,枕崎市
http://www.city.akune.kagoshima.jp/,九州地方,鹿児島県,阿久根市
http://www.city.kagoshima-izumi.lg.jp/,九州地方,鹿児島県,出水市
http://www.city.ibusuki.lg.jp/,九州地方,鹿児島県,指宿市
http://www.city.nishinoomote.lg.jp/,九州地方,鹿児島県,西之表市
http://www.city.tarumizu.lg.jp/,九州地方,鹿児島県,垂水市
http://www.city.satsumasendai.lg.jp/,九州地方,鹿児島県,薩摩川内市
http://www.city.hioki.kagoshima.jp/,九州地方,鹿児島県,日置市
https://www.city.soo.kagoshima.jp/,九州地方,鹿児島県,曽於市
http://www.city-kirishima.jp/,九州地方,鹿児島県,霧島市
http://www.city.ichikikushikino.lg.jp/,九州地方,鹿児島県,いちき串木野市
http://www.city.minamisatsuma.lg.jp/,九州地方,鹿児島県,南さつま市
http://www.city.shibushi.lg.jp/,九州地方,鹿児島県,志布志市
https://www.city.amami.lg.jp/,九州地方,鹿児島県,奄美市
http://www.city.minamikyushu.lg.jp/,九州地方,鹿児島県,南九州市
http://www.city.isa.kagoshima.jp/,九州地方,鹿児島県,伊佐市
http://www.city.aira.lg.jp/,九州地方,鹿児島県,姶良市
http://mishimamura.com/,九州地方,鹿児島県,三島村
http://www.tokara.jp/,九州地方,鹿児島県,十島村
http://www.satsuma-net.jp/,九州地方,鹿児島県,さつま町
https://www.town.nagashima.lg.jp/,九州地方,鹿児島県,長島町
http://www.town.yusui.kagoshima.jp/,九州地方,鹿児島県,湧水町
http://www.town.kagoshima-osaki.lg.jp/,九州地方,鹿児島県,大崎町
http://www.higashikushira.com/,九州地方,鹿児島県,東串良町
http://www.town.kinko.lg.jp/,九州地方,鹿児島県,錦江町
http://www.town.minamiosumi.lg.jp/,九州地方,鹿児島県,南大隅町
http://www.kimotsuki-town.jp/,九州地方,鹿児島県,肝付町
http://town.nakatane.kagoshima.jp/,九州地方,鹿児島県,中種子町
http://www.town.minamitane.kagoshima.jp/,九州地方,鹿児島県,南種子町
http://www.town.yakushima.kagoshima.jp/,九州地方,鹿児島県,屋久島町
http://www.vill.yamato.lg.jp/,九州地方,鹿児島県,大和村
http://www.uken.net/,九州地方,鹿児島県,宇検村
http://www.town.setouchi.lg.jp/,九州地方,鹿児島県,瀬戸内町
http://www.town.tatsugo.lg.jp/,九州地方,鹿児島県,龍郷町
http://www.town.kikai.lg.jp/,九州地方,鹿児島県,喜界町
http://www.tokunoshima-town.org/,九州地方,鹿児島県,徳之島町
https://www.town.amagi.lg.jp/,九州地方,鹿児島県,天城町
http://www.town.isen.kagoshima.jp/,九州地方,鹿児島県,伊仙町
http://www.town.wadomari.lg.jp/,九州地方,鹿児島県,和泊町
http://www.town.china.lg.jp/,九州地方,鹿児島県,知名町
http://www.yoron.jp/,九州地方,鹿児島県,与論町
http://www.city.naha.okinawa.jp/,九州地方,沖縄県,那覇市
https://www.city.ginowan.lg.jp/,九州地方,沖縄県,宜野湾市
http://www.city.ishigaki.okinawa.jp/,九州地方,沖縄県,石垣市
http://www.city.urasoe.lg.jp/,九州地方,沖縄県,浦添市
http://www.city.nago.okinawa.jp/,九州地方,沖縄県,名護市
http://www.city.itoman.lg.jp/,九州地方,沖縄県,糸満市
http://www.city.okinawa.okinawa.jp/,九州地方,沖縄県,沖縄市
http://www.city.tomigusuku.okinawa.jp/,九州地方,沖縄県,豊見城市
http://www.city.uruma.lg.jp/,九州地方,沖縄県,うるま市
http://www.city.miyakojima.lg.jp/,九州地方,沖縄県,宮古島市
http://www.city.nanjo.okinawa.jp/,九州地方,沖縄県,南城市
http://www.vill.kunigami.okinawa.jp/,九州地方,沖縄県,国頭村
http://www.vill.ogimi.okinawa.jp/,九州地方,沖縄県,大宜味村
http://www.vill.higashi.okinawa.jp/,九州地方,沖縄県,東村
http://www.nakijin.jp/,九州地方,沖縄県,今帰仁村
http://www.town.motobu.okinawa.jp/,九州地方,沖縄県,本部町
http://www.vill.onna.okinawa.jp/,九州地方,沖縄県,恩納村
http://www.vill.ginoza.okinawa.jp/,九州地方,沖縄県,宜野座村
http://www.town.kin.okinawa.jp/,九州地方,沖縄県,金武町
http://www.iejima.org/ieson/,九州地方,沖縄県,伊江村
http://www.yomitan.jp/,九州地方,沖縄県,読谷村
http://www.town.kadena.okinawa.jp/,九州地方,沖縄県,嘉手納町
http://www.chatan.jp/,九州地方,沖縄県,北谷町
http://www.vill.kitanakagusuku.lg.jp/,九州地方,沖縄県,北中城村
http://www.vill.nakagusuku.okinawa.jp/,九州地方,沖縄県,中城村
http://www.town.nishihara.okinawa.jp/,九州地方,沖縄県,西原町
http://www.town.yonabaru.okinawa.jp/,九州地方,沖縄県,与那原町
http://www.town.haebaru.lg.jp/,九州地方,沖縄県,南風原町
http://www.vill.tokashiki.okinawa.jp/,九州地方,沖縄県,渡嘉敷村
http://www.vill.zamami.okinawa.jp/,九州地方,沖縄県,座間味村
http://www.vill.aguni.okinawa.jp/,九州地方,沖縄県,粟国村
http://www.vill.tonaki.okinawa.jp/,九州地方,沖縄県,渡名喜村
http://www.vill.minamidaito.okinawa.jp/,九州地方,沖縄県,南大東村
http://vill.kitadaito.okinawa.jp/,九州地方,沖縄県,北大東村
http://www.vill.iheya.okinawa.jp/,九州地方,沖縄県,伊平屋村
http://vill.izena.okinawa.jp/,九州地方,沖縄県,伊是名村
http://www.town.kumejima.okinawa.jp/,九州地方,沖縄県,久米島町
http://www.town.yaese.lg.jp/,九州地方,沖縄県,八重瀬町
http://www.vill.tarama.okinawa.jp/,九州地方,沖縄県,多良間村
http://www.town.taketomi.lg.jp/,九州地方,沖縄県,竹富町
http://www.town.yonaguni.okinawa.jp/,九州地方,沖縄県,与那国町
